,Country,ISO3 Code,Date,Price (EUR/MWhe)
63202,Norway,NOR,2015-01-01,27.57
63203,Norway,NOR,2015-01-02,27.9
63204,Norway,NOR,2015-01-03,27.62
63205,Norway,NOR,2015-01-04,28.27
63206,Norway,NOR,2015-01-05,33.9
63207,Norway,NOR,2015-01-06,29.17
63208,Norway,NOR,2015-01-07,29.66
63209,Norway,NOR,2015-01-08,27.67
63210,Norway,NOR,2015-01-09,27.51
63211,Norway,NOR,2015-01-10,26.45
63212,Norway,NOR,2015-01-11,26.2
63213,Norway,NOR,2015-01-12,28.24
63214,Norway,NOR,2015-01-13,28.45
63215,Norway,NOR,2015-01-14,28.85
63216,Norway,NOR,2015-01-15,27.49
63217,Norway,NOR,2015-01-16,27.57
63218,Norway,NOR,2015-01-17,27.7
63219,Norway,NOR,2015-01-18,28.24
63220,Norway,NOR,2015-01-19,32.31
63221,Norway,NOR,2015-01-20,30.98
63222,Norway,NOR,2015-01-21,32.44
63223,Norway,NOR,2015-01-22,33.87
63224,Norway,NOR,2015-01-23,38.62
63225,Norway,NOR,2015-01-24,28.34
63226,Norway,NOR,2015-01-25,28.6
63227,Norway,NOR,2015-01-26,28.6
63228,Norway,NOR,2015-01-27,29.16
63229,Norway,NOR,2015-01-28,27.54
63230,Norway,NOR,2015-01-29,27.76
63231,Norway,NOR,2015-01-30,30.26
63232,Norway,NOR,2015-01-31,28.06
63233,Norway,NOR,2015-02-01,27.97
63234,Norway,NOR,2015-02-02,32.02
63235,Norway,NOR,2015-02-03,36.59
63236,Norway,NOR,2015-02-04,43.0
63237,Norway,NOR,2015-02-05,36.34
63238,Norway,NOR,2015-02-06,30.41
63239,Norway,NOR,2015-02-07,27.01
63240,Norway,NOR,2015-02-08,27.28
63241,Norway,NOR,2015-02-09,28.0
63242,Norway,NOR,2015-02-10,28.23
63243,Norway,NOR,2015-02-11,28.7
63244,Norway,NOR,2015-02-12,28.33
63245,Norway,NOR,2015-02-13,28.31
63246,Norway,NOR,2015-02-14,27.39
63247,Norway,NOR,2015-02-15,26.38
63248,Norway,NOR,2015-02-16,27.58
63249,Norway,NOR,2015-02-17,27.92
63250,Norway,NOR,2015-02-18,27.04
63251,Norway,NOR,2015-02-19,25.96
63252,Norway,NOR,2015-02-20,25.82
63253,Norway,NOR,2015-02-21,25.89
63254,Norway,NOR,2015-02-22,25.57
63255,Norway,NOR,2015-02-23,25.77
63256,Norway,NOR,2015-02-24,25.86
63257,Norway,NOR,2015-02-25,26.4
63258,Norway,NOR,2015-02-26,26.07
63259,Norway,NOR,2015-02-27,25.81
63260,Norway,NOR,2015-02-28,25.19
63261,Norway,NOR,2015-03-01,23.37
63262,Norway,NOR,2015-03-02,25.27
63263,Norway,NOR,2015-03-03,25.62
63264,Norway,NOR,2015-03-04,26.39
63265,Norway,NOR,2015-03-05,27.4
63266,Norway,NOR,2015-03-06,26.03
63267,Norway,NOR,2015-03-07,22.44
63268,Norway,NOR,2015-03-08,21.48
63269,Norway,NOR,2015-03-09,25.23
63270,Norway,NOR,2015-03-10,24.37
63271,Norway,NOR,2015-03-11,25.24
63272,Norway,NOR,2015-03-12,25.76
63273,Norway,NOR,2015-03-13,25.26
63274,Norway,NOR,2015-03-14,24.39
63275,Norway,NOR,2015-03-15,24.26
63276,Norway,NOR,2015-03-16,24.41
63277,Norway,NOR,2015-03-17,24.9
63278,Norway,NOR,2015-03-18,25.78
63279,Norway,NOR,2015-03-19,25.7
63280,Norway,NOR,2015-03-20,25.81
63281,Norway,NOR,2015-03-21,24.21
63282,Norway,NOR,2015-03-22,24.31
63283,Norway,NOR,2015-03-23,24.88
63284,Norway,NOR,2015-03-24,25.93
63285,Norway,NOR,2015-03-25,25.73
63286,Norway,NOR,2015-03-26,25.53
63287,Norway,NOR,2015-03-27,26.84
63288,Norway,NOR,2015-03-28,24.25
63289,Norway,NOR,2015-03-29,23.25
63290,Norway,NOR,2015-03-30,24.31
63291,Norway,NOR,2015-03-31,24.75
63292,Norway,NOR,2015-04-01,24.98
63293,Norway,NOR,2015-04-02,24.99
63294,Norway,NOR,2015-04-03,24.86
63295,Norway,NOR,2015-04-04,25.58
63296,Norway,NOR,2015-04-05,25.21
63297,Norway,NOR,2015-04-06,25.35
63298,Norway,NOR,2015-04-07,25.74
63299,Norway,NOR,2015-04-08,25.61
63300,Norway,NOR,2015-04-09,25.76
63301,Norway,NOR,2015-04-10,25.54
63302,Norway,NOR,2015-04-11,24.47
63303,Norway,NOR,2015-04-12,22.61
63304,Norway,NOR,2015-04-13,24.6
63305,Norway,NOR,2015-04-14,26.45
63306,Norway,NOR,2015-04-15,25.54
63307,Norway,NOR,2015-04-16,25.31
63308,Norway,NOR,2015-04-17,25.72
63309,Norway,NOR,2015-04-18,24.19
63310,Norway,NOR,2015-04-19,23.55
63311,Norway,NOR,2015-04-20,25.58
63312,Norway,NOR,2015-04-21,24.66
63313,Norway,NOR,2015-04-22,23.95
63314,Norway,NOR,2015-04-23,22.79
63315,Norway,NOR,2015-04-24,24.29
63316,Norway,NOR,2015-04-25,23.09
63317,Norway,NOR,2015-04-26,22.64
63318,Norway,NOR,2015-04-27,27.09
63319,Norway,NOR,2015-04-28,27.21
63320,Norway,NOR,2015-04-29,26.37
63321,Norway,NOR,2015-04-30,26.34
63322,Norway,NOR,2015-05-01,24.83
63323,Norway,NOR,2015-05-02,24.49
63324,Norway,NOR,2015-05-03,24.12
63325,Norway,NOR,2015-05-04,27.28
63326,Norway,NOR,2015-05-05,25.58
63327,Norway,NOR,2015-05-06,23.89
63328,Norway,NOR,2015-05-07,23.16
63329,Norway,NOR,2015-05-08,23.86
63330,Norway,NOR,2015-05-09,19.71
63331,Norway,NOR,2015-05-10,19.53
63332,Norway,NOR,2015-05-11,23.13
63333,Norway,NOR,2015-05-12,22.65
63334,Norway,NOR,2015-05-13,20.89
63335,Norway,NOR,2015-05-14,19.52
63336,Norway,NOR,2015-05-15,22.14
63337,Norway,NOR,2015-05-16,19.46
63338,Norway,NOR,2015-05-17,15.4
63339,Norway,NOR,2015-05-18,25.45
63340,Norway,NOR,2015-05-19,24.82
63341,Norway,NOR,2015-05-20,25.73
63342,Norway,NOR,2015-05-21,26.92
63343,Norway,NOR,2015-05-22,22.31
63344,Norway,NOR,2015-05-23,18.58
63345,Norway,NOR,2015-05-24,19.78
63346,Norway,NOR,2015-05-25,21.93
63347,Norway,NOR,2015-05-26,23.53
63348,Norway,NOR,2015-05-27,22.27
63349,Norway,NOR,2015-05-28,22.08
63350,Norway,NOR,2015-05-29,20.67
63351,Norway,NOR,2015-05-30,16.38
63352,Norway,NOR,2015-05-31,13.4
63353,Norway,NOR,2015-06-01,18.96
63354,Norway,NOR,2015-06-02,15.66
63355,Norway,NOR,2015-06-03,15.71
63356,Norway,NOR,2015-06-04,18.38
63357,Norway,NOR,2015-06-05,16.42
63358,Norway,NOR,2015-06-06,9.71
63359,Norway,NOR,2015-06-07,8.84
63360,Norway,NOR,2015-06-08,17.23
63361,Norway,NOR,2015-06-09,17.29
63362,Norway,NOR,2015-06-10,16.26
63363,Norway,NOR,2015-06-11,15.62
63364,Norway,NOR,2015-06-12,13.84
63365,Norway,NOR,2015-06-13,9.92
63366,Norway,NOR,2015-06-14,7.79
63367,Norway,NOR,2015-06-15,12.09
63368,Norway,NOR,2015-06-16,13.41
63369,Norway,NOR,2015-06-17,13.67
63370,Norway,NOR,2015-06-18,11.01
63371,Norway,NOR,2015-06-19,10.76
63372,Norway,NOR,2015-06-20,9.35
63373,Norway,NOR,2015-06-21,11.41
63374,Norway,NOR,2015-06-22,14.76
63375,Norway,NOR,2015-06-23,14.38
63376,Norway,NOR,2015-06-24,11.37
63377,Norway,NOR,2015-06-25,12.24
63378,Norway,NOR,2015-06-26,14.53
63379,Norway,NOR,2015-06-27,14.99
63380,Norway,NOR,2015-06-28,14.76
63381,Norway,NOR,2015-06-29,15.44
63382,Norway,NOR,2015-06-30,15.54
63383,Norway,NOR,2015-07-01,14.3
63384,Norway,NOR,2015-07-02,11.13
63385,Norway,NOR,2015-07-03,10.96
63386,Norway,NOR,2015-07-04,9.55
63387,Norway,NOR,2015-07-05,11.04
63388,Norway,NOR,2015-07-06,9.91
63389,Norway,NOR,2015-07-07,10.22
63390,Norway,NOR,2015-07-08,7.79
63391,Norway,NOR,2015-07-09,5.68
63392,Norway,NOR,2015-07-10,5.72
63393,Norway,NOR,2015-07-11,8.41
63394,Norway,NOR,2015-07-12,8.38
63395,Norway,NOR,2015-07-13,10.81
63396,Norway,NOR,2015-07-14,11.06
63397,Norway,NOR,2015-07-15,9.91
63398,Norway,NOR,2015-07-16,10.91
63399,Norway,NOR,2015-07-17,9.76
63400,Norway,NOR,2015-07-18,6.4
63401,Norway,NOR,2015-07-19,9.08
63402,Norway,NOR,2015-07-20,9.49
63403,Norway,NOR,2015-07-21,8.68
63404,Norway,NOR,2015-07-22,9.77
63405,Norway,NOR,2015-07-23,9.28
63406,Norway,NOR,2015-07-24,9.34
63407,Norway,NOR,2015-07-25,6.1
63408,Norway,NOR,2015-07-26,4.14
63409,Norway,NOR,2015-07-27,9.28
63410,Norway,NOR,2015-07-28,9.15
63411,Norway,NOR,2015-07-29,7.6
63412,Norway,NOR,2015-07-30,7.0
63413,Norway,NOR,2015-07-31,6.41
63414,Norway,NOR,2015-08-01,7.08
63415,Norway,NOR,2015-08-02,7.44
63416,Norway,NOR,2015-08-03,8.61
63417,Norway,NOR,2015-08-04,8.22
63418,Norway,NOR,2015-08-05,8.51
63419,Norway,NOR,2015-08-06,8.11
63420,Norway,NOR,2015-08-07,8.04
63421,Norway,NOR,2015-08-08,6.6
63422,Norway,NOR,2015-08-09,7.83
63423,Norway,NOR,2015-08-10,9.12
63424,Norway,NOR,2015-08-11,9.04
63425,Norway,NOR,2015-08-12,9.85
63426,Norway,NOR,2015-08-13,10.73
63427,Norway,NOR,2015-08-14,10.08
63428,Norway,NOR,2015-08-15,10.49
63429,Norway,NOR,2015-08-16,10.72
63430,Norway,NOR,2015-08-17,11.27
63431,Norway,NOR,2015-08-18,12.1
63432,Norway,NOR,2015-08-19,14.8
63433,Norway,NOR,2015-08-20,17.32
63434,Norway,NOR,2015-08-21,17.3
63435,Norway,NOR,2015-08-22,16.34
63436,Norway,NOR,2015-08-23,15.22
63437,Norway,NOR,2015-08-24,17.19
63438,Norway,NOR,2015-08-25,15.47
63439,Norway,NOR,2015-08-26,15.74
63440,Norway,NOR,2015-08-27,13.57
63441,Norway,NOR,2015-08-28,13.34
63442,Norway,NOR,2015-08-29,13.53
63443,Norway,NOR,2015-08-30,13.76
63444,Norway,NOR,2015-08-31,15.1
63445,Norway,NOR,2015-09-01,12.83
63446,Norway,NOR,2015-09-02,13.54
63447,Norway,NOR,2015-09-03,14.32
63448,Norway,NOR,2015-09-04,16.17
63449,Norway,NOR,2015-09-05,12.48
63450,Norway,NOR,2015-09-06,11.52
63451,Norway,NOR,2015-09-07,17.45
63452,Norway,NOR,2015-09-08,17.89
63453,Norway,NOR,2015-09-09,17.93
63454,Norway,NOR,2015-09-10,16.76
63455,Norway,NOR,2015-09-11,15.9
63456,Norway,NOR,2015-09-12,15.26
63457,Norway,NOR,2015-09-13,15.87
63458,Norway,NOR,2015-09-14,16.47
63459,Norway,NOR,2015-09-15,15.85
63460,Norway,NOR,2015-09-16,15.9
63461,Norway,NOR,2015-09-17,15.97
63462,Norway,NOR,2015-09-18,14.22
63463,Norway,NOR,2015-09-19,12.8
63464,Norway,NOR,2015-09-20,14.51
63465,Norway,NOR,2015-09-21,16.58
63466,Norway,NOR,2015-09-22,16.02
63467,Norway,NOR,2015-09-23,16.05
63468,Norway,NOR,2015-09-24,15.22
63469,Norway,NOR,2015-09-25,14.78
63470,Norway,NOR,2015-09-26,14.18
63471,Norway,NOR,2015-09-27,14.54
63472,Norway,NOR,2015-09-28,15.99
63473,Norway,NOR,2015-09-29,14.73
63474,Norway,NOR,2015-09-30,13.86
63475,Norway,NOR,2015-10-01,12.81
63476,Norway,NOR,2015-10-02,11.05
63477,Norway,NOR,2015-10-03,12.68
63478,Norway,NOR,2015-10-04,13.4
63479,Norway,NOR,2015-10-05,15.03
63480,Norway,NOR,2015-10-06,13.32
63481,Norway,NOR,2015-10-07,14.91
63482,Norway,NOR,2015-10-08,18.62
63483,Norway,NOR,2015-10-09,20.39
63484,Norway,NOR,2015-10-10,20.54
63485,Norway,NOR,2015-10-11,20.18
63486,Norway,NOR,2015-10-12,22.49
63487,Norway,NOR,2015-10-13,22.31
63488,Norway,NOR,2015-10-14,23.33
63489,Norway,NOR,2015-10-15,23.44
63490,Norway,NOR,2015-10-16,23.8
63491,Norway,NOR,2015-10-17,23.37
63492,Norway,NOR,2015-10-18,23.79
63493,Norway,NOR,2015-10-19,27.86
63494,Norway,NOR,2015-10-20,27.35
63495,Norway,NOR,2015-10-21,24.72
63496,Norway,NOR,2015-10-22,23.63
63497,Norway,NOR,2015-10-23,23.93
63498,Norway,NOR,2015-10-24,23.68
63499,Norway,NOR,2015-10-25,23.22
63500,Norway,NOR,2015-10-26,25.63
63501,Norway,NOR,2015-10-27,26.16
63502,Norway,NOR,2015-10-28,26.11
63503,Norway,NOR,2015-10-29,26.36
63504,Norway,NOR,2015-10-30,26.01
63505,Norway,NOR,2015-10-31,24.81
63506,Norway,NOR,2015-11-01,24.52
63507,Norway,NOR,2015-11-02,25.17
63508,Norway,NOR,2015-11-03,25.4
63509,Norway,NOR,2015-11-04,25.45
63510,Norway,NOR,2015-11-05,24.97
63511,Norway,NOR,2015-11-06,24.8
63512,Norway,NOR,2015-11-07,22.81
63513,Norway,NOR,2015-11-08,22.48
63514,Norway,NOR,2015-11-09,22.27
63515,Norway,NOR,2015-11-10,22.39
63516,Norway,NOR,2015-11-11,23.78
63517,Norway,NOR,2015-11-12,23.95
63518,Norway,NOR,2015-11-13,22.92
63519,Norway,NOR,2015-11-14,20.81
63520,Norway,NOR,2015-11-15,22.73
63521,Norway,NOR,2015-11-16,23.6
63522,Norway,NOR,2015-11-17,24.36
63523,Norway,NOR,2015-11-18,23.97
63524,Norway,NOR,2015-11-19,24.53
63525,Norway,NOR,2015-11-20,26.47
63526,Norway,NOR,2015-11-21,24.81
63527,Norway,NOR,2015-11-22,24.32
63528,Norway,NOR,2015-11-23,33.31
63529,Norway,NOR,2015-11-24,25.06
63530,Norway,NOR,2015-11-25,29.04
63531,Norway,NOR,2015-11-26,27.95
63532,Norway,NOR,2015-11-27,22.44
63533,Norway,NOR,2015-11-28,20.73
63534,Norway,NOR,2015-11-29,19.84
63535,Norway,NOR,2015-11-30,22.66
63536,Norway,NOR,2015-12-01,23.61
63537,Norway,NOR,2015-12-02,24.29
63538,Norway,NOR,2015-12-03,24.73
63539,Norway,NOR,2015-12-04,20.44
63540,Norway,NOR,2015-12-05,15.99
63541,Norway,NOR,2015-12-06,13.83
63542,Norway,NOR,2015-12-07,22.53
63543,Norway,NOR,2015-12-08,21.36
63544,Norway,NOR,2015-12-09,19.42
63545,Norway,NOR,2015-12-10,18.53
63546,Norway,NOR,2015-12-11,19.78
63547,Norway,NOR,2015-12-12,19.82
63548,Norway,NOR,2015-12-13,21.41
63549,Norway,NOR,2015-12-14,26.91
63550,Norway,NOR,2015-12-15,21.35
63551,Norway,NOR,2015-12-16,22.52
63552,Norway,NOR,2015-12-17,21.3
63553,Norway,NOR,2015-12-18,18.02
63554,Norway,NOR,2015-12-19,15.42
63555,Norway,NOR,2015-12-20,12.7
63556,Norway,NOR,2015-12-21,13.43
63557,Norway,NOR,2015-12-22,13.22
63558,Norway,NOR,2015-12-23,11.86
63559,Norway,NOR,2015-12-24,10.14
63560,Norway,NOR,2015-12-25,9.18
63561,Norway,NOR,2015-12-26,11.77
63562,Norway,NOR,2015-12-27,13.68
63563,Norway,NOR,2015-12-28,17.9
63564,Norway,NOR,2015-12-29,15.84
63565,Norway,NOR,2015-12-30,15.61
63566,Norway,NOR,2015-12-31,15.4
63567,Norway,NOR,2016-01-01,16.61
63568,Norway,NOR,2016-01-02,15.54
63569,Norway,NOR,2016-01-03,16.73
63570,Norway,NOR,2016-01-04,18.85
63571,Norway,NOR,2016-01-05,20.63
63572,Norway,NOR,2016-01-06,27.65
63573,Norway,NOR,2016-01-07,39.2
63574,Norway,NOR,2016-01-08,29.0
63575,Norway,NOR,2016-01-09,24.37
63576,Norway,NOR,2016-01-10,21.5
63577,Norway,NOR,2016-01-11,30.07
63578,Norway,NOR,2016-01-12,27.98
63579,Norway,NOR,2016-01-13,29.97
63580,Norway,NOR,2016-01-14,37.36
63581,Norway,NOR,2016-01-15,39.66
63582,Norway,NOR,2016-01-16,26.59
63583,Norway,NOR,2016-01-17,25.85
63584,Norway,NOR,2016-01-18,41.11
63585,Norway,NOR,2016-01-19,49.54
63586,Norway,NOR,2016-01-20,49.09
63587,Norway,NOR,2016-01-21,73.15
63588,Norway,NOR,2016-01-22,35.17
63589,Norway,NOR,2016-01-23,23.83
63590,Norway,NOR,2016-01-24,22.14
63591,Norway,NOR,2016-01-25,23.83
63592,Norway,NOR,2016-01-26,18.04
63593,Norway,NOR,2016-01-27,16.66
63594,Norway,NOR,2016-01-28,16.83
63595,Norway,NOR,2016-01-29,16.24
63596,Norway,NOR,2016-01-30,15.35
63597,Norway,NOR,2016-01-31,16.51
63598,Norway,NOR,2016-02-01,18.3
63599,Norway,NOR,2016-02-02,16.96
63600,Norway,NOR,2016-02-03,17.78
63601,Norway,NOR,2016-02-04,18.22
63602,Norway,NOR,2016-02-05,20.64
63603,Norway,NOR,2016-02-06,15.91
63604,Norway,NOR,2016-02-07,15.01
63605,Norway,NOR,2016-02-08,15.47
63606,Norway,NOR,2016-02-09,17.11
63607,Norway,NOR,2016-02-10,19.0
63608,Norway,NOR,2016-02-11,19.39
63609,Norway,NOR,2016-02-12,20.87
63610,Norway,NOR,2016-02-13,18.58
63611,Norway,NOR,2016-02-14,17.46
63612,Norway,NOR,2016-02-15,20.95
63613,Norway,NOR,2016-02-16,25.1
63614,Norway,NOR,2016-02-17,18.54
63615,Norway,NOR,2016-02-18,22.52
63616,Norway,NOR,2016-02-19,20.34
63617,Norway,NOR,2016-02-20,16.71
63618,Norway,NOR,2016-02-21,16.62
63619,Norway,NOR,2016-02-22,18.77
63620,Norway,NOR,2016-02-23,19.73
63621,Norway,NOR,2016-02-24,20.03
63622,Norway,NOR,2016-02-25,23.76
63623,Norway,NOR,2016-02-26,22.28
63624,Norway,NOR,2016-02-27,19.51
63625,Norway,NOR,2016-02-28,18.92
63626,Norway,NOR,2016-02-29,22.1
63627,Norway,NOR,2016-03-01,19.85
63628,Norway,NOR,2016-03-02,21.93
63629,Norway,NOR,2016-03-03,22.42
63630,Norway,NOR,2016-03-04,22.18
63631,Norway,NOR,2016-03-05,20.11
63632,Norway,NOR,2016-03-06,19.79
63633,Norway,NOR,2016-03-07,23.31
63634,Norway,NOR,2016-03-08,24.88
63635,Norway,NOR,2016-03-09,22.6
63636,Norway,NOR,2016-03-10,23.41
63637,Norway,NOR,2016-03-11,24.53
63638,Norway,NOR,2016-03-12,22.36
63639,Norway,NOR,2016-03-13,21.46
63640,Norway,NOR,2016-03-14,22.15
63641,Norway,NOR,2016-03-15,21.94
63642,Norway,NOR,2016-03-16,21.65
63643,Norway,NOR,2016-03-17,21.86
63644,Norway,NOR,2016-03-18,21.66
63645,Norway,NOR,2016-03-19,21.38
63646,Norway,NOR,2016-03-20,20.39
63647,Norway,NOR,2016-03-21,21.46
63648,Norway,NOR,2016-03-22,21.74
63649,Norway,NOR,2016-03-23,21.54
63650,Norway,NOR,2016-03-24,21.14
63651,Norway,NOR,2016-03-25,20.52
63652,Norway,NOR,2016-03-26,19.35
63653,Norway,NOR,2016-03-27,16.95
63654,Norway,NOR,2016-03-28,17.23
63655,Norway,NOR,2016-03-29,19.99
63656,Norway,NOR,2016-03-30,21.42
63657,Norway,NOR,2016-03-31,21.74
63658,Norway,NOR,2016-04-01,22.14
63659,Norway,NOR,2016-04-02,20.42
63660,Norway,NOR,2016-04-03,19.81
63661,Norway,NOR,2016-04-04,22.49
63662,Norway,NOR,2016-04-05,22.26
63663,Norway,NOR,2016-04-06,20.62
63664,Norway,NOR,2016-04-07,20.41
63665,Norway,NOR,2016-04-08,21.57
63666,Norway,NOR,2016-04-09,21.28
63667,Norway,NOR,2016-04-10,20.38
63668,Norway,NOR,2016-04-11,22.08
63669,Norway,NOR,2016-04-12,21.95
63670,Norway,NOR,2016-04-13,23.78
63671,Norway,NOR,2016-04-14,22.9
63672,Norway,NOR,2016-04-15,22.13
63673,Norway,NOR,2016-04-16,20.64
63674,Norway,NOR,2016-04-17,19.41
63675,Norway,NOR,2016-04-18,20.76
63676,Norway,NOR,2016-04-19,20.48
63677,Norway,NOR,2016-04-20,21.69
63678,Norway,NOR,2016-04-21,21.28
63679,Norway,NOR,2016-04-22,21.57
63680,Norway,NOR,2016-04-23,21.66
63681,Norway,NOR,2016-04-24,21.57
63682,Norway,NOR,2016-04-25,24.0
63683,Norway,NOR,2016-04-26,23.85
63684,Norway,NOR,2016-04-27,23.85
63685,Norway,NOR,2016-04-28,25.17
63686,Norway,NOR,2016-04-29,22.43
63687,Norway,NOR,2016-04-30,22.44
63688,Norway,NOR,2016-05-01,21.69
63689,Norway,NOR,2016-05-02,24.6
63690,Norway,NOR,2016-05-03,24.21
63691,Norway,NOR,2016-05-04,25.01
63692,Norway,NOR,2016-05-05,21.07
63693,Norway,NOR,2016-05-06,21.62
63694,Norway,NOR,2016-05-07,18.24
63695,Norway,NOR,2016-05-08,16.25
63696,Norway,NOR,2016-05-09,21.67
63697,Norway,NOR,2016-05-10,23.05
63698,Norway,NOR,2016-05-11,23.11
63699,Norway,NOR,2016-05-12,22.99
63700,Norway,NOR,2016-05-13,23.5
63701,Norway,NOR,2016-05-14,20.28
63702,Norway,NOR,2016-05-15,20.1
63703,Norway,NOR,2016-05-16,22.18
63704,Norway,NOR,2016-05-17,23.96
63705,Norway,NOR,2016-05-18,25.78
63706,Norway,NOR,2016-05-19,26.99
63707,Norway,NOR,2016-05-20,24.28
63708,Norway,NOR,2016-05-21,22.71
63709,Norway,NOR,2016-05-22,22.07
63710,Norway,NOR,2016-05-23,23.79
63711,Norway,NOR,2016-05-24,23.39
63712,Norway,NOR,2016-05-25,23.8
63713,Norway,NOR,2016-05-26,24.77
63714,Norway,NOR,2016-05-27,24.64
63715,Norway,NOR,2016-05-28,22.82
63716,Norway,NOR,2016-05-29,20.48
63717,Norway,NOR,2016-05-30,22.26
63718,Norway,NOR,2016-05-31,23.73
63719,Norway,NOR,2016-06-01,23.8
63720,Norway,NOR,2016-06-02,23.02
63721,Norway,NOR,2016-06-03,23.17
63722,Norway,NOR,2016-06-04,22.64
63723,Norway,NOR,2016-06-05,22.31
63724,Norway,NOR,2016-06-06,24.24
63725,Norway,NOR,2016-06-07,25.32
63726,Norway,NOR,2016-06-08,24.74
63727,Norway,NOR,2016-06-09,25.79
63728,Norway,NOR,2016-06-10,25.43
63729,Norway,NOR,2016-06-11,25.19
63730,Norway,NOR,2016-06-12,25.04
63731,Norway,NOR,2016-06-13,26.71
63732,Norway,NOR,2016-06-14,27.66
63733,Norway,NOR,2016-06-15,27.52
63734,Norway,NOR,2016-06-16,28.13
63735,Norway,NOR,2016-06-17,27.53
63736,Norway,NOR,2016-06-18,24.6
63737,Norway,NOR,2016-06-19,23.73
63738,Norway,NOR,2016-06-20,26.85
63739,Norway,NOR,2016-06-21,27.17
63740,Norway,NOR,2016-06-22,27.53
63741,Norway,NOR,2016-06-23,26.53
63742,Norway,NOR,2016-06-24,25.85
63743,Norway,NOR,2016-06-25,24.91
63744,Norway,NOR,2016-06-26,23.33
63745,Norway,NOR,2016-06-27,27.65
63746,Norway,NOR,2016-06-28,26.4
63747,Norway,NOR,2016-06-29,25.17
63748,Norway,NOR,2016-06-30,24.65
63749,Norway,NOR,2016-07-01,24.02
63750,Norway,NOR,2016-07-02,21.45
63751,Norway,NOR,2016-07-03,21.15
63752,Norway,NOR,2016-07-04,24.44
63753,Norway,NOR,2016-07-05,23.97
63754,Norway,NOR,2016-07-06,22.4
63755,Norway,NOR,2016-07-07,24.6
63756,Norway,NOR,2016-07-08,24.89
63757,Norway,NOR,2016-07-09,23.86
63758,Norway,NOR,2016-07-10,23.77
63759,Norway,NOR,2016-07-11,24.26
63760,Norway,NOR,2016-07-12,24.89
63761,Norway,NOR,2016-07-13,25.42
63762,Norway,NOR,2016-07-14,25.05
63763,Norway,NOR,2016-07-15,25.0
63764,Norway,NOR,2016-07-16,24.72
63765,Norway,NOR,2016-07-17,23.82
63766,Norway,NOR,2016-07-18,25.62
63767,Norway,NOR,2016-07-19,25.98
63768,Norway,NOR,2016-07-20,25.8
63769,Norway,NOR,2016-07-21,26.08
63770,Norway,NOR,2016-07-22,26.26
63771,Norway,NOR,2016-07-23,25.98
63772,Norway,NOR,2016-07-24,25.7
63773,Norway,NOR,2016-07-25,26.47
63774,Norway,NOR,2016-07-26,26.11
63775,Norway,NOR,2016-07-27,25.92
63776,Norway,NOR,2016-07-28,25.46
63777,Norway,NOR,2016-07-29,25.22
63778,Norway,NOR,2016-07-30,24.68
63779,Norway,NOR,2016-07-31,23.96
63780,Norway,NOR,2016-08-01,25.12
63781,Norway,NOR,2016-08-02,25.38
63782,Norway,NOR,2016-08-03,24.51
63783,Norway,NOR,2016-08-04,23.77
63784,Norway,NOR,2016-08-05,24.46
63785,Norway,NOR,2016-08-06,22.78
63786,Norway,NOR,2016-08-07,20.99
63787,Norway,NOR,2016-08-08,21.11
63788,Norway,NOR,2016-08-09,22.22
63789,Norway,NOR,2016-08-10,23.48
63790,Norway,NOR,2016-08-11,23.65
63791,Norway,NOR,2016-08-12,23.0
63792,Norway,NOR,2016-08-13,20.83
63793,Norway,NOR,2016-08-14,21.96
63794,Norway,NOR,2016-08-15,22.89
63795,Norway,NOR,2016-08-16,23.55
63796,Norway,NOR,2016-08-17,23.67
63797,Norway,NOR,2016-08-18,23.92
63798,Norway,NOR,2016-08-19,24.99
63799,Norway,NOR,2016-08-20,23.61
63800,Norway,NOR,2016-08-21,22.53
63801,Norway,NOR,2016-08-22,25.02
63802,Norway,NOR,2016-08-23,25.55
63803,Norway,NOR,2016-08-24,24.68
63804,Norway,NOR,2016-08-25,24.89
63805,Norway,NOR,2016-08-26,24.29
63806,Norway,NOR,2016-08-27,23.15
63807,Norway,NOR,2016-08-28,22.43
63808,Norway,NOR,2016-08-29,24.73
63809,Norway,NOR,2016-08-30,25.4
63810,Norway,NOR,2016-08-31,24.07
63811,Norway,NOR,2016-09-01,23.73
63812,Norway,NOR,2016-09-02,23.75
63813,Norway,NOR,2016-09-03,23.08
63814,Norway,NOR,2016-09-04,22.45
63815,Norway,NOR,2016-09-05,23.93
63816,Norway,NOR,2016-09-06,24.74
63817,Norway,NOR,2016-09-07,24.05
63818,Norway,NOR,2016-09-08,24.66
63819,Norway,NOR,2016-09-09,23.88
63820,Norway,NOR,2016-09-10,23.5
63821,Norway,NOR,2016-09-11,23.18
63822,Norway,NOR,2016-09-12,24.72
63823,Norway,NOR,2016-09-13,24.54
63824,Norway,NOR,2016-09-14,24.6
63825,Norway,NOR,2016-09-15,24.15
63826,Norway,NOR,2016-09-16,23.84
63827,Norway,NOR,2016-09-17,23.71
63828,Norway,NOR,2016-09-18,23.58
63829,Norway,NOR,2016-09-19,25.76
63830,Norway,NOR,2016-09-20,25.7
63831,Norway,NOR,2016-09-21,25.87
63832,Norway,NOR,2016-09-22,25.55
63833,Norway,NOR,2016-09-23,25.28
63834,Norway,NOR,2016-09-24,24.7
63835,Norway,NOR,2016-09-25,23.4
63836,Norway,NOR,2016-09-26,25.96
63837,Norway,NOR,2016-09-27,24.69
63838,Norway,NOR,2016-09-28,22.67
63839,Norway,NOR,2016-09-29,22.56
63840,Norway,NOR,2016-09-30,24.1
63841,Norway,NOR,2016-10-01,25.45
63842,Norway,NOR,2016-10-02,25.78
63843,Norway,NOR,2016-10-03,27.54
63844,Norway,NOR,2016-10-04,27.92
63845,Norway,NOR,2016-10-05,28.57
63846,Norway,NOR,2016-10-06,28.26
63847,Norway,NOR,2016-10-07,28.89
63848,Norway,NOR,2016-10-08,28.96
63849,Norway,NOR,2016-10-09,29.37
63850,Norway,NOR,2016-10-10,31.44
63851,Norway,NOR,2016-10-11,32.22
63852,Norway,NOR,2016-10-12,33.8
63853,Norway,NOR,2016-10-13,35.39
63854,Norway,NOR,2016-10-14,31.1
63855,Norway,NOR,2016-10-15,30.07
63856,Norway,NOR,2016-10-16,30.42
63857,Norway,NOR,2016-10-17,31.38
63858,Norway,NOR,2016-10-18,32.5
63859,Norway,NOR,2016-10-19,33.36
63860,Norway,NOR,2016-10-20,34.25
63861,Norway,NOR,2016-10-21,34.26
63862,Norway,NOR,2016-10-22,33.58
63863,Norway,NOR,2016-10-23,33.61
63864,Norway,NOR,2016-10-24,35.23
63865,Norway,NOR,2016-10-25,37.4
63866,Norway,NOR,2016-10-26,36.19
63867,Norway,NOR,2016-10-27,34.81
63868,Norway,NOR,2016-10-28,33.2
63869,Norway,NOR,2016-10-29,32.85
63870,Norway,NOR,2016-10-30,35.31
63871,Norway,NOR,2016-10-31,37.66
63872,Norway,NOR,2016-11-01,35.73
63873,Norway,NOR,2016-11-02,37.09
63874,Norway,NOR,2016-11-03,40.64
63875,Norway,NOR,2016-11-04,38.35
63876,Norway,NOR,2016-11-05,37.73
63877,Norway,NOR,2016-11-06,36.82
63878,Norway,NOR,2016-11-07,42.38
63879,Norway,NOR,2016-11-08,46.14
63880,Norway,NOR,2016-11-09,45.64
63881,Norway,NOR,2016-11-10,44.15
63882,Norway,NOR,2016-11-11,44.94
63883,Norway,NOR,2016-11-12,38.56
63884,Norway,NOR,2016-11-13,38.02
63885,Norway,NOR,2016-11-14,38.23
63886,Norway,NOR,2016-11-15,38.04
63887,Norway,NOR,2016-11-16,38.19
63888,Norway,NOR,2016-11-17,36.63
63889,Norway,NOR,2016-11-18,36.05
63890,Norway,NOR,2016-11-19,35.35
63891,Norway,NOR,2016-11-20,35.15
63892,Norway,NOR,2016-11-21,37.14
63893,Norway,NOR,2016-11-22,36.86
63894,Norway,NOR,2016-11-23,36.85
63895,Norway,NOR,2016-11-24,36.49
63896,Norway,NOR,2016-11-25,35.86
63897,Norway,NOR,2016-11-26,32.51
63898,Norway,NOR,2016-11-27,32.95
63899,Norway,NOR,2016-11-28,38.21
63900,Norway,NOR,2016-11-29,36.31
63901,Norway,NOR,2016-11-30,34.31
63902,Norway,NOR,2016-12-01,34.31
63903,Norway,NOR,2016-12-02,35.06
63904,Norway,NOR,2016-12-03,34.63
63905,Norway,NOR,2016-12-04,33.34
63906,Norway,NOR,2016-12-05,33.53
63907,Norway,NOR,2016-12-06,38.08
63908,Norway,NOR,2016-12-07,32.73
63909,Norway,NOR,2016-12-08,30.24
63910,Norway,NOR,2016-12-09,29.7
63911,Norway,NOR,2016-12-10,30.01
63912,Norway,NOR,2016-12-11,30.09
63913,Norway,NOR,2016-12-12,35.13
63914,Norway,NOR,2016-12-13,32.67
63915,Norway,NOR,2016-12-14,32.8
63916,Norway,NOR,2016-12-15,35.09
63917,Norway,NOR,2016-12-16,36.82
63918,Norway,NOR,2016-12-17,31.95
63919,Norway,NOR,2016-12-18,31.05
63920,Norway,NOR,2016-12-19,31.96
63921,Norway,NOR,2016-12-20,31.31
63922,Norway,NOR,2016-12-21,29.66
63923,Norway,NOR,2016-12-22,29.14
63924,Norway,NOR,2016-12-23,28.13
63925,Norway,NOR,2016-12-24,27.1
63926,Norway,NOR,2016-12-25,27.18
63927,Norway,NOR,2016-12-26,26.72
63928,Norway,NOR,2016-12-27,27.99
63929,Norway,NOR,2016-12-28,30.17
63930,Norway,NOR,2016-12-29,29.94
63931,Norway,NOR,2016-12-30,29.06
63932,Norway,NOR,2016-12-31,27.41
63933,Norway,NOR,2017-01-01,28.7
63934,Norway,NOR,2017-01-02,31.84
63935,Norway,NOR,2017-01-03,31.53
63936,Norway,NOR,2017-01-04,30.87
63937,Norway,NOR,2017-01-05,36.18
63938,Norway,NOR,2017-01-06,30.89
63939,Norway,NOR,2017-01-07,29.99
63940,Norway,NOR,2017-01-08,30.2
63941,Norway,NOR,2017-01-09,30.03
63942,Norway,NOR,2017-01-10,29.36
63943,Norway,NOR,2017-01-11,27.78
63944,Norway,NOR,2017-01-12,28.38
63945,Norway,NOR,2017-01-13,31.56
63946,Norway,NOR,2017-01-14,29.78
63947,Norway,NOR,2017-01-15,29.98
63948,Norway,NOR,2017-01-16,36.58
63949,Norway,NOR,2017-01-17,31.45
63950,Norway,NOR,2017-01-18,28.96
63951,Norway,NOR,2017-01-19,28.24
63952,Norway,NOR,2017-01-20,27.95
63953,Norway,NOR,2017-01-21,27.91
63954,Norway,NOR,2017-01-22,28.19
63955,Norway,NOR,2017-01-23,28.78
63956,Norway,NOR,2017-01-24,29.91
63957,Norway,NOR,2017-01-25,28.97
63958,Norway,NOR,2017-01-26,29.12
63959,Norway,NOR,2017-01-27,29.6
63960,Norway,NOR,2017-01-28,28.55
63961,Norway,NOR,2017-01-29,27.91
63962,Norway,NOR,2017-01-30,29.68
63963,Norway,NOR,2017-01-31,30.06
63964,Norway,NOR,2017-02-01,30.11
63965,Norway,NOR,2017-02-02,30.84
63966,Norway,NOR,2017-02-03,31.33
63967,Norway,NOR,2017-02-04,30.93
63968,Norway,NOR,2017-02-05,30.81
63969,Norway,NOR,2017-02-06,31.89
63970,Norway,NOR,2017-02-07,33.89
63971,Norway,NOR,2017-02-08,37.02
63972,Norway,NOR,2017-02-09,38.32
63973,Norway,NOR,2017-02-10,35.2
63974,Norway,NOR,2017-02-11,31.27
63975,Norway,NOR,2017-02-12,30.69
63976,Norway,NOR,2017-02-13,32.09
63977,Norway,NOR,2017-02-14,32.0
63978,Norway,NOR,2017-02-15,33.47
63979,Norway,NOR,2017-02-16,30.53
63980,Norway,NOR,2017-02-17,30.59
63981,Norway,NOR,2017-02-18,29.51
63982,Norway,NOR,2017-02-19,29.12
63983,Norway,NOR,2017-02-20,29.91
63984,Norway,NOR,2017-02-21,29.99
63985,Norway,NOR,2017-02-22,29.23
63986,Norway,NOR,2017-02-23,30.13
63987,Norway,NOR,2017-02-24,30.31
63988,Norway,NOR,2017-02-25,29.54
63989,Norway,NOR,2017-02-26,28.95
63990,Norway,NOR,2017-02-27,29.89
63991,Norway,NOR,2017-02-28,29.54
63992,Norway,NOR,2017-03-01,30.27
63993,Norway,NOR,2017-03-02,30.25
63994,Norway,NOR,2017-03-03,30.72
63995,Norway,NOR,2017-03-04,29.77
63996,Norway,NOR,2017-03-05,29.64
63997,Norway,NOR,2017-03-06,32.02
63998,Norway,NOR,2017-03-07,39.23
63999,Norway,NOR,2017-03-08,32.45
64000,Norway,NOR,2017-03-09,31.28
64001,Norway,NOR,2017-03-10,30.77
64002,Norway,NOR,2017-03-11,29.88
64003,Norway,NOR,2017-03-12,28.4
64004,Norway,NOR,2017-03-13,30.63
64005,Norway,NOR,2017-03-14,29.32
64006,Norway,NOR,2017-03-15,29.12
64007,Norway,NOR,2017-03-16,29.67
64008,Norway,NOR,2017-03-17,28.64
64009,Norway,NOR,2017-03-18,28.66
64010,Norway,NOR,2017-03-19,28.59
64011,Norway,NOR,2017-03-20,30.26
64012,Norway,NOR,2017-03-21,29.0
64013,Norway,NOR,2017-03-22,29.71
64014,Norway,NOR,2017-03-23,30.59
64015,Norway,NOR,2017-03-24,30.22
64016,Norway,NOR,2017-03-25,27.83
64017,Norway,NOR,2017-03-26,27.54
64018,Norway,NOR,2017-03-27,28.99
64019,Norway,NOR,2017-03-28,29.87
64020,Norway,NOR,2017-03-29,29.77
64021,Norway,NOR,2017-03-30,29.29
64022,Norway,NOR,2017-03-31,28.94
64023,Norway,NOR,2017-04-01,27.01
64024,Norway,NOR,2017-04-02,27.06
64025,Norway,NOR,2017-04-03,29.31
64026,Norway,NOR,2017-04-04,27.83
64027,Norway,NOR,2017-04-05,26.96
64028,Norway,NOR,2017-04-06,27.61
64029,Norway,NOR,2017-04-07,27.76
64030,Norway,NOR,2017-04-08,27.66
64031,Norway,NOR,2017-04-09,26.14
64032,Norway,NOR,2017-04-10,26.1
64033,Norway,NOR,2017-04-11,26.34
64034,Norway,NOR,2017-04-12,26.97
64035,Norway,NOR,2017-04-13,27.08
64036,Norway,NOR,2017-04-14,27.77
64037,Norway,NOR,2017-04-15,27.52
64038,Norway,NOR,2017-04-16,28.25
64039,Norway,NOR,2017-04-17,28.19
64040,Norway,NOR,2017-04-18,32.08
64041,Norway,NOR,2017-04-19,33.42
64042,Norway,NOR,2017-04-20,28.97
64043,Norway,NOR,2017-04-21,27.94
64044,Norway,NOR,2017-04-22,27.77
64045,Norway,NOR,2017-04-23,28.08
64046,Norway,NOR,2017-04-24,30.43
64047,Norway,NOR,2017-04-25,33.4
64048,Norway,NOR,2017-04-26,35.7
64049,Norway,NOR,2017-04-27,34.23
64050,Norway,NOR,2017-04-28,32.99
64051,Norway,NOR,2017-04-29,29.95
64052,Norway,NOR,2017-04-30,28.11
64053,Norway,NOR,2017-05-01,28.0
64054,Norway,NOR,2017-05-02,30.16
64055,Norway,NOR,2017-05-03,30.02
64056,Norway,NOR,2017-05-04,29.36
64057,Norway,NOR,2017-05-05,29.94
64058,Norway,NOR,2017-05-06,29.45
64059,Norway,NOR,2017-05-07,28.09
64060,Norway,NOR,2017-05-08,30.44
64061,Norway,NOR,2017-05-09,33.2
64062,Norway,NOR,2017-05-10,34.63
64063,Norway,NOR,2017-05-11,32.42
64064,Norway,NOR,2017-05-12,30.85
64065,Norway,NOR,2017-05-13,29.65
64066,Norway,NOR,2017-05-14,28.37
64067,Norway,NOR,2017-05-15,30.89
64068,Norway,NOR,2017-05-16,29.37
64069,Norway,NOR,2017-05-17,27.07
64070,Norway,NOR,2017-05-18,27.03
64071,Norway,NOR,2017-05-19,27.6
64072,Norway,NOR,2017-05-20,23.59
64073,Norway,NOR,2017-05-21,19.0
64074,Norway,NOR,2017-05-22,27.11
64075,Norway,NOR,2017-05-23,26.27
64076,Norway,NOR,2017-05-24,25.73
64077,Norway,NOR,2017-05-25,24.69
64078,Norway,NOR,2017-05-26,26.28
64079,Norway,NOR,2017-05-27,24.52
64080,Norway,NOR,2017-05-28,21.3
64081,Norway,NOR,2017-05-29,27.55
64082,Norway,NOR,2017-05-30,28.42
64083,Norway,NOR,2017-05-31,25.75
64084,Norway,NOR,2017-06-01,27.05
64085,Norway,NOR,2017-06-02,28.43
64086,Norway,NOR,2017-06-03,26.42
64087,Norway,NOR,2017-06-04,24.49
64088,Norway,NOR,2017-06-05,24.86
64089,Norway,NOR,2017-06-06,20.43
64090,Norway,NOR,2017-06-07,18.34
64091,Norway,NOR,2017-06-08,23.65
64092,Norway,NOR,2017-06-09,25.96
64093,Norway,NOR,2017-06-10,24.65
64094,Norway,NOR,2017-06-11,20.99
64095,Norway,NOR,2017-06-12,21.91
64096,Norway,NOR,2017-06-13,22.81
64097,Norway,NOR,2017-06-14,25.62
64098,Norway,NOR,2017-06-15,25.1
64099,Norway,NOR,2017-06-16,22.66
64100,Norway,NOR,2017-06-17,22.25
64101,Norway,NOR,2017-06-18,23.64
64102,Norway,NOR,2017-06-19,24.67
64103,Norway,NOR,2017-06-20,24.34
64104,Norway,NOR,2017-06-21,24.57
64105,Norway,NOR,2017-06-22,25.37
64106,Norway,NOR,2017-06-23,24.5
64107,Norway,NOR,2017-06-24,22.46
64108,Norway,NOR,2017-06-25,19.83
64109,Norway,NOR,2017-06-26,22.66
64110,Norway,NOR,2017-06-27,23.7
64111,Norway,NOR,2017-06-28,23.53
64112,Norway,NOR,2017-06-29,23.14
64113,Norway,NOR,2017-06-30,23.06
64114,Norway,NOR,2017-07-01,23.46
64115,Norway,NOR,2017-07-02,22.8
64116,Norway,NOR,2017-07-03,23.84
64117,Norway,NOR,2017-07-04,24.22
64118,Norway,NOR,2017-07-05,24.72
64119,Norway,NOR,2017-07-06,25.27
64120,Norway,NOR,2017-07-07,26.07
64121,Norway,NOR,2017-07-08,25.8
64122,Norway,NOR,2017-07-09,25.66
64123,Norway,NOR,2017-07-10,25.53
64124,Norway,NOR,2017-07-11,25.6
64125,Norway,NOR,2017-07-12,25.53
64126,Norway,NOR,2017-07-13,25.28
64127,Norway,NOR,2017-07-14,25.24
64128,Norway,NOR,2017-07-15,24.23
64129,Norway,NOR,2017-07-16,24.14
64130,Norway,NOR,2017-07-17,24.72
64131,Norway,NOR,2017-07-18,24.68
64132,Norway,NOR,2017-07-19,24.92
64133,Norway,NOR,2017-07-20,25.92
64134,Norway,NOR,2017-07-21,25.96
64135,Norway,NOR,2017-07-22,24.83
64136,Norway,NOR,2017-07-23,24.24
64137,Norway,NOR,2017-07-24,25.35
64138,Norway,NOR,2017-07-25,25.34
64139,Norway,NOR,2017-07-26,25.56
64140,Norway,NOR,2017-07-27,26.71
64141,Norway,NOR,2017-07-28,26.4
64142,Norway,NOR,2017-07-29,22.4
64143,Norway,NOR,2017-07-30,23.88
64144,Norway,NOR,2017-07-31,26.03
64145,Norway,NOR,2017-08-01,26.14
64146,Norway,NOR,2017-08-02,26.24
64147,Norway,NOR,2017-08-03,25.27
64148,Norway,NOR,2017-08-04,24.01
64149,Norway,NOR,2017-08-05,23.62
64150,Norway,NOR,2017-08-06,20.93
64151,Norway,NOR,2017-08-07,25.55
64152,Norway,NOR,2017-08-08,25.46
64153,Norway,NOR,2017-08-09,24.87
64154,Norway,NOR,2017-08-10,25.21
64155,Norway,NOR,2017-08-11,25.19
64156,Norway,NOR,2017-08-12,23.06
64157,Norway,NOR,2017-08-13,22.01
64158,Norway,NOR,2017-08-14,25.61
64159,Norway,NOR,2017-08-15,25.52
64160,Norway,NOR,2017-08-16,25.68
64161,Norway,NOR,2017-08-17,24.89
64162,Norway,NOR,2017-08-18,25.09
64163,Norway,NOR,2017-08-19,24.27
64164,Norway,NOR,2017-08-20,23.71
64165,Norway,NOR,2017-08-21,25.76
64166,Norway,NOR,2017-08-22,26.51
64167,Norway,NOR,2017-08-23,27.14
64168,Norway,NOR,2017-08-24,27.86
64169,Norway,NOR,2017-08-25,28.31
64170,Norway,NOR,2017-08-26,28.6
64171,Norway,NOR,2017-08-27,28.89
64172,Norway,NOR,2017-08-28,29.84
64173,Norway,NOR,2017-08-29,30.68
64174,Norway,NOR,2017-08-30,30.93
64175,Norway,NOR,2017-08-31,32.01
64176,Norway,NOR,2017-09-01,31.67
64177,Norway,NOR,2017-09-02,31.15
64178,Norway,NOR,2017-09-03,30.77
64179,Norway,NOR,2017-09-04,31.22
64180,Norway,NOR,2017-09-05,31.28
64181,Norway,NOR,2017-09-06,30.46
64182,Norway,NOR,2017-09-07,30.55
64183,Norway,NOR,2017-09-08,29.93
64184,Norway,NOR,2017-09-09,29.57
64185,Norway,NOR,2017-09-10,27.74
64186,Norway,NOR,2017-09-11,27.84
64187,Norway,NOR,2017-09-12,29.15
64188,Norway,NOR,2017-09-13,27.82
64189,Norway,NOR,2017-09-14,29.77
64190,Norway,NOR,2017-09-15,30.64
64191,Norway,NOR,2017-09-16,31.21
64192,Norway,NOR,2017-09-17,31.05
64193,Norway,NOR,2017-09-18,31.67
64194,Norway,NOR,2017-09-19,31.48
64195,Norway,NOR,2017-09-20,31.37
64196,Norway,NOR,2017-09-21,31.11
64197,Norway,NOR,2017-09-22,30.97
64198,Norway,NOR,2017-09-23,30.6
64199,Norway,NOR,2017-09-24,30.49
64200,Norway,NOR,2017-09-25,30.79
64201,Norway,NOR,2017-09-26,31.23
64202,Norway,NOR,2017-09-27,31.34
64203,Norway,NOR,2017-09-28,30.69
64204,Norway,NOR,2017-09-29,29.61
64205,Norway,NOR,2017-09-30,27.4
64206,Norway,NOR,2017-10-01,25.88
64207,Norway,NOR,2017-10-02,23.33
64208,Norway,NOR,2017-10-03,24.09
64209,Norway,NOR,2017-10-04,22.98
64210,Norway,NOR,2017-10-05,25.98
64211,Norway,NOR,2017-10-06,28.87
64212,Norway,NOR,2017-10-07,27.54
64213,Norway,NOR,2017-10-08,28.41
64214,Norway,NOR,2017-10-09,31.07
64215,Norway,NOR,2017-10-10,29.99
64216,Norway,NOR,2017-10-11,29.59
64217,Norway,NOR,2017-10-12,28.39
64218,Norway,NOR,2017-10-13,29.15
64219,Norway,NOR,2017-10-14,26.75
64220,Norway,NOR,2017-10-15,26.2
64221,Norway,NOR,2017-10-16,27.33
64222,Norway,NOR,2017-10-17,27.28
64223,Norway,NOR,2017-10-18,28.17
64224,Norway,NOR,2017-10-19,29.37
64225,Norway,NOR,2017-10-20,29.42
64226,Norway,NOR,2017-10-21,28.8
64227,Norway,NOR,2017-10-22,28.82
64228,Norway,NOR,2017-10-23,30.45
64229,Norway,NOR,2017-10-24,29.72
64230,Norway,NOR,2017-10-25,28.57
64231,Norway,NOR,2017-10-26,29.01
64232,Norway,NOR,2017-10-27,27.75
64233,Norway,NOR,2017-10-28,25.24
64234,Norway,NOR,2017-10-29,23.8
64235,Norway,NOR,2017-10-30,28.6
64236,Norway,NOR,2017-10-31,30.18
64237,Norway,NOR,2017-11-01,28.42
64238,Norway,NOR,2017-11-02,27.74
64239,Norway,NOR,2017-11-03,28.82
64240,Norway,NOR,2017-11-04,27.66
64241,Norway,NOR,2017-11-05,27.43
64242,Norway,NOR,2017-11-06,29.55
64243,Norway,NOR,2017-11-07,30.45
64244,Norway,NOR,2017-11-08,30.69
64245,Norway,NOR,2017-11-09,29.29
64246,Norway,NOR,2017-11-10,29.23
64247,Norway,NOR,2017-11-11,28.79
64248,Norway,NOR,2017-11-12,30.03
64249,Norway,NOR,2017-11-13,31.96
64250,Norway,NOR,2017-11-14,31.8
64251,Norway,NOR,2017-11-15,31.12
64252,Norway,NOR,2017-11-16,30.68
64253,Norway,NOR,2017-11-17,29.26
64254,Norway,NOR,2017-11-18,28.35
64255,Norway,NOR,2017-11-19,28.65
64256,Norway,NOR,2017-11-20,35.26
64257,Norway,NOR,2017-11-21,37.92
64258,Norway,NOR,2017-11-22,30.88
64259,Norway,NOR,2017-11-23,28.77
64260,Norway,NOR,2017-11-24,30.96
64261,Norway,NOR,2017-11-25,30.3
64262,Norway,NOR,2017-11-26,28.62
64263,Norway,NOR,2017-11-27,32.53
64264,Norway,NOR,2017-11-28,37.08
64265,Norway,NOR,2017-11-29,48.16
64266,Norway,NOR,2017-11-30,44.14
64267,Norway,NOR,2017-12-01,39.07
64268,Norway,NOR,2017-12-02,30.37
64269,Norway,NOR,2017-12-03,29.14
64270,Norway,NOR,2017-12-04,34.03
64271,Norway,NOR,2017-12-05,30.51
64272,Norway,NOR,2017-12-06,31.06
64273,Norway,NOR,2017-12-07,28.32
64274,Norway,NOR,2017-12-08,28.25
64275,Norway,NOR,2017-12-09,27.37
64276,Norway,NOR,2017-12-10,28.36
64277,Norway,NOR,2017-12-11,39.67
64278,Norway,NOR,2017-12-12,31.92
64279,Norway,NOR,2017-12-13,29.4
64280,Norway,NOR,2017-12-14,30.5
64281,Norway,NOR,2017-12-15,36.73
64282,Norway,NOR,2017-12-16,30.91
64283,Norway,NOR,2017-12-17,30.24
64284,Norway,NOR,2017-12-18,38.04
64285,Norway,NOR,2017-12-19,41.56
64286,Norway,NOR,2017-12-20,31.15
64287,Norway,NOR,2017-12-21,29.3
64288,Norway,NOR,2017-12-22,28.93
64289,Norway,NOR,2017-12-23,25.0
64290,Norway,NOR,2017-12-24,25.96
64291,Norway,NOR,2017-12-25,26.04
64292,Norway,NOR,2017-12-26,26.0
64293,Norway,NOR,2017-12-27,30.4
64294,Norway,NOR,2017-12-28,31.26
64295,Norway,NOR,2017-12-29,28.68
64296,Norway,NOR,2017-12-30,26.97
64297,Norway,NOR,2017-12-31,26.71
64298,Norway,NOR,2018-01-01,26.03
64299,Norway,NOR,2018-01-02,31.84
64300,Norway,NOR,2018-01-03,28.66
64301,Norway,NOR,2018-01-04,32.0
64302,Norway,NOR,2018-01-05,31.22
64303,Norway,NOR,2018-01-06,30.99
64304,Norway,NOR,2018-01-07,28.44
64305,Norway,NOR,2018-01-08,31.8
64306,Norway,NOR,2018-01-09,30.38
64307,Norway,NOR,2018-01-10,40.0
64308,Norway,NOR,2018-01-11,42.16
64309,Norway,NOR,2018-01-12,35.11
64310,Norway,NOR,2018-01-13,30.91
64311,Norway,NOR,2018-01-14,29.7
64312,Norway,NOR,2018-01-15,29.39
64313,Norway,NOR,2018-01-16,31.54
64314,Norway,NOR,2018-01-17,33.3
64315,Norway,NOR,2018-01-18,35.78
64316,Norway,NOR,2018-01-19,39.66
64317,Norway,NOR,2018-01-20,32.15
64318,Norway,NOR,2018-01-21,32.06
64319,Norway,NOR,2018-01-22,38.7
64320,Norway,NOR,2018-01-23,34.05
64321,Norway,NOR,2018-01-24,28.79
64322,Norway,NOR,2018-01-25,29.71
64323,Norway,NOR,2018-01-26,32.15
64324,Norway,NOR,2018-01-27,30.9
64325,Norway,NOR,2018-01-28,28.12
64326,Norway,NOR,2018-01-29,29.59
64327,Norway,NOR,2018-01-30,32.18
64328,Norway,NOR,2018-01-31,29.75
64329,Norway,NOR,2018-02-01,30.88
64330,Norway,NOR,2018-02-02,35.2
64331,Norway,NOR,2018-02-03,34.07
64332,Norway,NOR,2018-02-04,33.39
64333,Norway,NOR,2018-02-05,43.59
64334,Norway,NOR,2018-02-06,45.62
64335,Norway,NOR,2018-02-07,43.7
64336,Norway,NOR,2018-02-08,38.35
64337,Norway,NOR,2018-02-09,32.25
64338,Norway,NOR,2018-02-10,32.0
64339,Norway,NOR,2018-02-11,29.68
64340,Norway,NOR,2018-02-12,31.52
64341,Norway,NOR,2018-02-13,36.79
64342,Norway,NOR,2018-02-14,35.29
64343,Norway,NOR,2018-02-15,32.75
64344,Norway,NOR,2018-02-16,36.21
64345,Norway,NOR,2018-02-17,38.09
64346,Norway,NOR,2018-02-18,36.12
64347,Norway,NOR,2018-02-19,43.0
64348,Norway,NOR,2018-02-20,45.85
64349,Norway,NOR,2018-02-21,43.85
64350,Norway,NOR,2018-02-22,45.32
64351,Norway,NOR,2018-02-23,42.66
64352,Norway,NOR,2018-02-24,38.2
64353,Norway,NOR,2018-02-25,38.5
64354,Norway,NOR,2018-02-26,45.71
64355,Norway,NOR,2018-02-27,42.12
64356,Norway,NOR,2018-02-28,42.85
64357,Norway,NOR,2018-03-01,72.63
64358,Norway,NOR,2018-03-02,48.07
64359,Norway,NOR,2018-03-03,42.11
64360,Norway,NOR,2018-03-04,40.82
64361,Norway,NOR,2018-03-05,52.07
64362,Norway,NOR,2018-03-06,48.53
64363,Norway,NOR,2018-03-07,47.06
64364,Norway,NOR,2018-03-08,40.09
64365,Norway,NOR,2018-03-09,40.38
64366,Norway,NOR,2018-03-10,37.28
64367,Norway,NOR,2018-03-11,36.34
64368,Norway,NOR,2018-03-12,42.61
64369,Norway,NOR,2018-03-13,41.9
64370,Norway,NOR,2018-03-14,47.45
64371,Norway,NOR,2018-03-15,43.18
64372,Norway,NOR,2018-03-16,40.79
64373,Norway,NOR,2018-03-17,37.97
64374,Norway,NOR,2018-03-18,37.49
64375,Norway,NOR,2018-03-19,42.6
64376,Norway,NOR,2018-03-20,43.42
64377,Norway,NOR,2018-03-21,42.19
64378,Norway,NOR,2018-03-22,41.13
64379,Norway,NOR,2018-03-23,45.86
64380,Norway,NOR,2018-03-24,40.18
64381,Norway,NOR,2018-03-25,39.88
64382,Norway,NOR,2018-03-26,47.88
64383,Norway,NOR,2018-03-27,45.77
64384,Norway,NOR,2018-03-28,44.24
64385,Norway,NOR,2018-03-29,40.84
64386,Norway,NOR,2018-03-30,40.83
64387,Norway,NOR,2018-03-31,39.97
64388,Norway,NOR,2018-04-01,39.21
64389,Norway,NOR,2018-04-02,39.78
64390,Norway,NOR,2018-04-03,43.14
64391,Norway,NOR,2018-04-04,42.49
64392,Norway,NOR,2018-04-05,42.32
64393,Norway,NOR,2018-04-06,40.72
64394,Norway,NOR,2018-04-07,39.37
64395,Norway,NOR,2018-04-08,39.46
64396,Norway,NOR,2018-04-09,43.18
64397,Norway,NOR,2018-04-10,40.34
64398,Norway,NOR,2018-04-11,40.68
64399,Norway,NOR,2018-04-12,40.21
64400,Norway,NOR,2018-04-13,39.62
64401,Norway,NOR,2018-04-14,39.31
64402,Norway,NOR,2018-04-15,39.76
64403,Norway,NOR,2018-04-16,45.35
64404,Norway,NOR,2018-04-17,42.39
64405,Norway,NOR,2018-04-18,41.42
64406,Norway,NOR,2018-04-19,39.62
64407,Norway,NOR,2018-04-20,36.46
64408,Norway,NOR,2018-04-21,32.41
64409,Norway,NOR,2018-04-22,34.78
64410,Norway,NOR,2018-04-23,35.5
64411,Norway,NOR,2018-04-24,35.37
64412,Norway,NOR,2018-04-25,36.81
64413,Norway,NOR,2018-04-26,36.64
64414,Norway,NOR,2018-04-27,37.13
64415,Norway,NOR,2018-04-28,35.78
64416,Norway,NOR,2018-04-29,34.77
64417,Norway,NOR,2018-04-30,32.89
64418,Norway,NOR,2018-05-01,31.97
64419,Norway,NOR,2018-05-02,37.09
64420,Norway,NOR,2018-05-03,36.66
64421,Norway,NOR,2018-05-04,36.81
64422,Norway,NOR,2018-05-05,32.1
64423,Norway,NOR,2018-05-06,25.74
64424,Norway,NOR,2018-05-07,32.16
64425,Norway,NOR,2018-05-08,28.86
64426,Norway,NOR,2018-05-09,24.17
64427,Norway,NOR,2018-05-10,19.05
64428,Norway,NOR,2018-05-11,29.8
64429,Norway,NOR,2018-05-12,29.93
64430,Norway,NOR,2018-05-13,18.47
64431,Norway,NOR,2018-05-14,33.52
64432,Norway,NOR,2018-05-15,35.32
64433,Norway,NOR,2018-05-16,34.05
64434,Norway,NOR,2018-05-17,30.7
64435,Norway,NOR,2018-05-18,34.52
64436,Norway,NOR,2018-05-19,34.49
64437,Norway,NOR,2018-05-20,24.85
64438,Norway,NOR,2018-05-21,30.8
64439,Norway,NOR,2018-05-22,38.57
64440,Norway,NOR,2018-05-23,39.51
64441,Norway,NOR,2018-05-24,39.21
64442,Norway,NOR,2018-05-25,39.84
64443,Norway,NOR,2018-05-26,38.79
64444,Norway,NOR,2018-05-27,37.62
64445,Norway,NOR,2018-05-28,40.48
64446,Norway,NOR,2018-05-29,41.47
64447,Norway,NOR,2018-05-30,41.9
64448,Norway,NOR,2018-05-31,42.67
64449,Norway,NOR,2018-06-01,43.61
64450,Norway,NOR,2018-06-02,42.36
64451,Norway,NOR,2018-06-03,41.97
64452,Norway,NOR,2018-06-04,43.33
64453,Norway,NOR,2018-06-05,45.39
64454,Norway,NOR,2018-06-06,46.38
64455,Norway,NOR,2018-06-07,47.28
64456,Norway,NOR,2018-06-08,47.99
64457,Norway,NOR,2018-06-09,45.98
64458,Norway,NOR,2018-06-10,45.96
64459,Norway,NOR,2018-06-11,46.32
64460,Norway,NOR,2018-06-12,46.72
64461,Norway,NOR,2018-06-13,47.05
64462,Norway,NOR,2018-06-14,45.81
64463,Norway,NOR,2018-06-15,44.94
64464,Norway,NOR,2018-06-16,43.85
64465,Norway,NOR,2018-06-17,42.9
64466,Norway,NOR,2018-06-18,43.78
64467,Norway,NOR,2018-06-19,42.91
64468,Norway,NOR,2018-06-20,43.24
64469,Norway,NOR,2018-06-21,42.84
64470,Norway,NOR,2018-06-22,42.14
64471,Norway,NOR,2018-06-23,41.22
64472,Norway,NOR,2018-06-24,42.7
64473,Norway,NOR,2018-06-25,45.23
64474,Norway,NOR,2018-06-26,46.19
64475,Norway,NOR,2018-06-27,46.65
64476,Norway,NOR,2018-06-28,46.38
64477,Norway,NOR,2018-06-29,46.52
64478,Norway,NOR,2018-06-30,46.08
64479,Norway,NOR,2018-07-01,45.81
64480,Norway,NOR,2018-07-02,49.69
64481,Norway,NOR,2018-07-03,50.42
64482,Norway,NOR,2018-07-04,51.66
64483,Norway,NOR,2018-07-05,52.51
64484,Norway,NOR,2018-07-06,49.94
64485,Norway,NOR,2018-07-07,48.02
64486,Norway,NOR,2018-07-08,49.13
64487,Norway,NOR,2018-07-09,50.52
64488,Norway,NOR,2018-07-10,51.95
64489,Norway,NOR,2018-07-11,52.22
64490,Norway,NOR,2018-07-12,52.61
64491,Norway,NOR,2018-07-13,53.0
64492,Norway,NOR,2018-07-14,51.53
64493,Norway,NOR,2018-07-15,51.47
64494,Norway,NOR,2018-07-16,53.18
64495,Norway,NOR,2018-07-17,52.53
64496,Norway,NOR,2018-07-18,51.81
64497,Norway,NOR,2018-07-19,52.17
64498,Norway,NOR,2018-07-20,53.39
64499,Norway,NOR,2018-07-21,52.79
64500,Norway,NOR,2018-07-22,52.49
64501,Norway,NOR,2018-07-23,54.28
64502,Norway,NOR,2018-07-24,54.68
64503,Norway,NOR,2018-07-25,54.09
64504,Norway,NOR,2018-07-26,53.43
64505,Norway,NOR,2018-07-27,52.99
64506,Norway,NOR,2018-07-28,50.29
64507,Norway,NOR,2018-07-29,50.31
64508,Norway,NOR,2018-07-30,52.75
64509,Norway,NOR,2018-07-31,53.01
64510,Norway,NOR,2018-08-01,54.04
64511,Norway,NOR,2018-08-02,54.21
64512,Norway,NOR,2018-08-03,54.17
64513,Norway,NOR,2018-08-04,51.43
64514,Norway,NOR,2018-08-05,49.43
64515,Norway,NOR,2018-08-06,52.84
64516,Norway,NOR,2018-08-07,52.84
64517,Norway,NOR,2018-08-08,50.94
64518,Norway,NOR,2018-08-09,50.5
64519,Norway,NOR,2018-08-10,47.97
64520,Norway,NOR,2018-08-11,47.11
64521,Norway,NOR,2018-08-12,45.71
64522,Norway,NOR,2018-08-13,49.41
64523,Norway,NOR,2018-08-14,50.42
64524,Norway,NOR,2018-08-15,50.54
64525,Norway,NOR,2018-08-16,50.08
64526,Norway,NOR,2018-08-17,49.74
64527,Norway,NOR,2018-08-18,47.14
64528,Norway,NOR,2018-08-19,45.98
64529,Norway,NOR,2018-08-20,49.32
64530,Norway,NOR,2018-08-21,49.96
64531,Norway,NOR,2018-08-22,49.29
64532,Norway,NOR,2018-08-23,50.26
64533,Norway,NOR,2018-08-24,50.42
64534,Norway,NOR,2018-08-25,50.54
64535,Norway,NOR,2018-08-26,50.4
64536,Norway,NOR,2018-08-27,51.14
64537,Norway,NOR,2018-08-28,55.45
64538,Norway,NOR,2018-08-29,55.68
64539,Norway,NOR,2018-08-30,55.45
64540,Norway,NOR,2018-08-31,57.66
64541,Norway,NOR,2018-09-01,57.15
64542,Norway,NOR,2018-09-02,56.0
64543,Norway,NOR,2018-09-03,58.64
64544,Norway,NOR,2018-09-04,58.7
64545,Norway,NOR,2018-09-05,59.3
64546,Norway,NOR,2018-09-06,59.66
64547,Norway,NOR,2018-09-07,57.72
64548,Norway,NOR,2018-09-08,54.34
64549,Norway,NOR,2018-09-09,53.79
64550,Norway,NOR,2018-09-10,55.47
64551,Norway,NOR,2018-09-11,52.83
64552,Norway,NOR,2018-09-12,52.79
64553,Norway,NOR,2018-09-13,54.12
64554,Norway,NOR,2018-09-14,53.33
64555,Norway,NOR,2018-09-15,48.96
64556,Norway,NOR,2018-09-16,46.39
64557,Norway,NOR,2018-09-17,50.06
64558,Norway,NOR,2018-09-18,46.65
64559,Norway,NOR,2018-09-19,44.64
64560,Norway,NOR,2018-09-20,43.21
64561,Norway,NOR,2018-09-21,34.43
64562,Norway,NOR,2018-09-22,22.82
64563,Norway,NOR,2018-09-23,34.7
64564,Norway,NOR,2018-09-24,37.07
64565,Norway,NOR,2018-09-25,39.45
64566,Norway,NOR,2018-09-26,29.25
64567,Norway,NOR,2018-09-27,35.99
64568,Norway,NOR,2018-09-28,40.18
64569,Norway,NOR,2018-09-29,36.64
64570,Norway,NOR,2018-09-30,35.41
64571,Norway,NOR,2018-10-01,45.79
64572,Norway,NOR,2018-10-02,45.81
64573,Norway,NOR,2018-10-03,45.63
64574,Norway,NOR,2018-10-04,47.71
64575,Norway,NOR,2018-10-05,46.61
64576,Norway,NOR,2018-10-06,46.78
64577,Norway,NOR,2018-10-07,46.64
64578,Norway,NOR,2018-10-08,46.12
64579,Norway,NOR,2018-10-09,44.54
64580,Norway,NOR,2018-10-10,44.24
64581,Norway,NOR,2018-10-11,42.86
64582,Norway,NOR,2018-10-12,42.25
64583,Norway,NOR,2018-10-13,32.47
64584,Norway,NOR,2018-10-14,20.42
64585,Norway,NOR,2018-10-15,34.24
64586,Norway,NOR,2018-10-16,37.79
64587,Norway,NOR,2018-10-17,41.1
64588,Norway,NOR,2018-10-18,41.27
64589,Norway,NOR,2018-10-19,41.39
64590,Norway,NOR,2018-10-20,41.41
64591,Norway,NOR,2018-10-21,38.96
64592,Norway,NOR,2018-10-22,37.89
64593,Norway,NOR,2018-10-23,36.36
64594,Norway,NOR,2018-10-24,42.4
64595,Norway,NOR,2018-10-25,44.47
64596,Norway,NOR,2018-10-26,46.67
64597,Norway,NOR,2018-10-27,44.33
64598,Norway,NOR,2018-10-28,43.89
64599,Norway,NOR,2018-10-29,44.56
64600,Norway,NOR,2018-10-30,42.9
64601,Norway,NOR,2018-10-31,42.94
64602,Norway,NOR,2018-11-01,44.47
64603,Norway,NOR,2018-11-02,44.41
64604,Norway,NOR,2018-11-03,43.69
64605,Norway,NOR,2018-11-04,43.47
64606,Norway,NOR,2018-11-05,45.21
64607,Norway,NOR,2018-11-06,47.0
64608,Norway,NOR,2018-11-07,46.06
64609,Norway,NOR,2018-11-08,46.51
64610,Norway,NOR,2018-11-09,46.06
64611,Norway,NOR,2018-11-10,42.46
64612,Norway,NOR,2018-11-11,40.28
64613,Norway,NOR,2018-11-12,45.3
64614,Norway,NOR,2018-11-13,47.71
64615,Norway,NOR,2018-11-14,48.82
64616,Norway,NOR,2018-11-15,47.11
64617,Norway,NOR,2018-11-16,46.68
64618,Norway,NOR,2018-11-17,45.91
64619,Norway,NOR,2018-11-18,46.82
64620,Norway,NOR,2018-11-19,48.5
64621,Norway,NOR,2018-11-20,47.89
64622,Norway,NOR,2018-11-21,50.18
64623,Norway,NOR,2018-11-22,51.93
64624,Norway,NOR,2018-11-23,51.4
64625,Norway,NOR,2018-11-24,48.94
64626,Norway,NOR,2018-11-25,49.32
64627,Norway,NOR,2018-11-26,59.53
64628,Norway,NOR,2018-11-27,60.87
64629,Norway,NOR,2018-11-28,50.22
64630,Norway,NOR,2018-11-29,46.76
64631,Norway,NOR,2018-11-30,46.22
64632,Norway,NOR,2018-12-01,46.07
64633,Norway,NOR,2018-12-02,45.21
64634,Norway,NOR,2018-12-03,47.42
64635,Norway,NOR,2018-12-04,46.66
64636,Norway,NOR,2018-12-05,50.95
64637,Norway,NOR,2018-12-06,52.12
64638,Norway,NOR,2018-12-07,48.26
64639,Norway,NOR,2018-12-08,45.62
64640,Norway,NOR,2018-12-09,45.3
64641,Norway,NOR,2018-12-10,47.69
64642,Norway,NOR,2018-12-11,50.5
64643,Norway,NOR,2018-12-12,59.07
64644,Norway,NOR,2018-12-13,57.37
64645,Norway,NOR,2018-12-14,57.98
64646,Norway,NOR,2018-12-15,51.8
64647,Norway,NOR,2018-12-16,50.08
64648,Norway,NOR,2018-12-17,64.77
64649,Norway,NOR,2018-12-18,59.4
64650,Norway,NOR,2018-12-19,53.1
64651,Norway,NOR,2018-12-20,53.05
64652,Norway,NOR,2018-12-21,52.3
64653,Norway,NOR,2018-12-22,51.65
64654,Norway,NOR,2018-12-23,53.32
64655,Norway,NOR,2018-12-24,51.01
64656,Norway,NOR,2018-12-25,48.87
64657,Norway,NOR,2018-12-26,50.47
64658,Norway,NOR,2018-12-27,51.85
64659,Norway,NOR,2018-12-28,53.01
64660,Norway,NOR,2018-12-29,50.41
64661,Norway,NOR,2018-12-30,51.34
64662,Norway,NOR,2018-12-31,49.33
64663,Norway,NOR,2019-01-01,48.09
64664,Norway,NOR,2019-01-02,50.92
64665,Norway,NOR,2019-01-03,54.99
64666,Norway,NOR,2019-01-04,50.94
64667,Norway,NOR,2019-01-05,50.8
64668,Norway,NOR,2019-01-06,51.06
64669,Norway,NOR,2019-01-07,51.7
64670,Norway,NOR,2019-01-08,49.55
64671,Norway,NOR,2019-01-09,50.49
64672,Norway,NOR,2019-01-10,56.35
64673,Norway,NOR,2019-01-11,49.39
64674,Norway,NOR,2019-01-12,49.42
64675,Norway,NOR,2019-01-13,48.95
64676,Norway,NOR,2019-01-14,49.58
64677,Norway,NOR,2019-01-15,52.06
64678,Norway,NOR,2019-01-16,52.4
64679,Norway,NOR,2019-01-17,52.89
64680,Norway,NOR,2019-01-18,58.59
64681,Norway,NOR,2019-01-19,54.45
64682,Norway,NOR,2019-01-20,54.65
64683,Norway,NOR,2019-01-21,63.92
64684,Norway,NOR,2019-01-22,59.9
64685,Norway,NOR,2019-01-23,62.91
64686,Norway,NOR,2019-01-24,69.87
64687,Norway,NOR,2019-01-25,60.57
64688,Norway,NOR,2019-01-26,53.63
64689,Norway,NOR,2019-01-27,52.1
64690,Norway,NOR,2019-01-28,55.18
64691,Norway,NOR,2019-01-29,59.09
64692,Norway,NOR,2019-01-30,55.74
64693,Norway,NOR,2019-01-31,56.22
64694,Norway,NOR,2019-02-01,54.05
64695,Norway,NOR,2019-02-02,51.06
64696,Norway,NOR,2019-02-03,50.43
64697,Norway,NOR,2019-02-04,53.18
64698,Norway,NOR,2019-02-05,52.41
64699,Norway,NOR,2019-02-06,52.77
64700,Norway,NOR,2019-02-07,49.83
64701,Norway,NOR,2019-02-08,49.26
64702,Norway,NOR,2019-02-09,47.5
64703,Norway,NOR,2019-02-10,46.83
64704,Norway,NOR,2019-02-11,47.31
64705,Norway,NOR,2019-02-12,48.03
64706,Norway,NOR,2019-02-13,45.95
64707,Norway,NOR,2019-02-14,44.7
64708,Norway,NOR,2019-02-15,43.75
64709,Norway,NOR,2019-02-16,41.47
64710,Norway,NOR,2019-02-17,42.6
64711,Norway,NOR,2019-02-18,44.07
64712,Norway,NOR,2019-02-19,43.01
64713,Norway,NOR,2019-02-20,43.88
64714,Norway,NOR,2019-02-21,43.95
64715,Norway,NOR,2019-02-22,43.19
64716,Norway,NOR,2019-02-23,40.53
64717,Norway,NOR,2019-02-24,40.44
64718,Norway,NOR,2019-02-25,41.53
64719,Norway,NOR,2019-02-26,41.95
64720,Norway,NOR,2019-02-27,41.26
64721,Norway,NOR,2019-02-28,41.57
64722,Norway,NOR,2019-03-01,44.54
64723,Norway,NOR,2019-03-02,42.32
64724,Norway,NOR,2019-03-03,41.01
64725,Norway,NOR,2019-03-04,42.31
64726,Norway,NOR,2019-03-05,44.3
64727,Norway,NOR,2019-03-06,44.91
64728,Norway,NOR,2019-03-07,44.33
64729,Norway,NOR,2019-03-08,42.83
64730,Norway,NOR,2019-03-09,43.49
64731,Norway,NOR,2019-03-10,43.35
64732,Norway,NOR,2019-03-11,45.66
64733,Norway,NOR,2019-03-12,45.09
64734,Norway,NOR,2019-03-13,42.53
64735,Norway,NOR,2019-03-14,42.62
64736,Norway,NOR,2019-03-15,42.81
64737,Norway,NOR,2019-03-16,41.15
64738,Norway,NOR,2019-03-17,40.15
64739,Norway,NOR,2019-03-18,42.31
64740,Norway,NOR,2019-03-19,46.1
64741,Norway,NOR,2019-03-20,41.6
64742,Norway,NOR,2019-03-21,39.9
64743,Norway,NOR,2019-03-22,40.35
64744,Norway,NOR,2019-03-23,37.66
64745,Norway,NOR,2019-03-24,37.89
64746,Norway,NOR,2019-03-25,39.96
64747,Norway,NOR,2019-03-26,40.56
64748,Norway,NOR,2019-03-27,40.16
64749,Norway,NOR,2019-03-28,39.26
64750,Norway,NOR,2019-03-29,37.99
64751,Norway,NOR,2019-03-30,37.28
64752,Norway,NOR,2019-03-31,37.59
64753,Norway,NOR,2019-04-01,39.54
64754,Norway,NOR,2019-04-02,38.43
64755,Norway,NOR,2019-04-03,40.74
64756,Norway,NOR,2019-04-04,39.86
64757,Norway,NOR,2019-04-05,39.96
64758,Norway,NOR,2019-04-06,39.57
64759,Norway,NOR,2019-04-07,39.73
64760,Norway,NOR,2019-04-08,41.49
64761,Norway,NOR,2019-04-09,42.81
64762,Norway,NOR,2019-04-10,44.33
64763,Norway,NOR,2019-04-11,47.34
64764,Norway,NOR,2019-04-12,46.45
64765,Norway,NOR,2019-04-13,43.85
64766,Norway,NOR,2019-04-14,43.11
64767,Norway,NOR,2019-04-15,45.33
64768,Norway,NOR,2019-04-16,44.79
64769,Norway,NOR,2019-04-17,43.95
64770,Norway,NOR,2019-04-18,43.47
64771,Norway,NOR,2019-04-19,42.3
64772,Norway,NOR,2019-04-20,41.69
64773,Norway,NOR,2019-04-21,41.01
64774,Norway,NOR,2019-04-22,40.15
64775,Norway,NOR,2019-04-23,40.86
64776,Norway,NOR,2019-04-24,39.8
64777,Norway,NOR,2019-04-25,40.41
64778,Norway,NOR,2019-04-26,41.0
64779,Norway,NOR,2019-04-27,33.56
64780,Norway,NOR,2019-04-28,34.87
64781,Norway,NOR,2019-04-29,39.99
64782,Norway,NOR,2019-04-30,39.7
64783,Norway,NOR,2019-05-01,35.92
64784,Norway,NOR,2019-05-02,38.12
64785,Norway,NOR,2019-05-03,39.98
64786,Norway,NOR,2019-05-04,40.95
64787,Norway,NOR,2019-05-05,40.93
64788,Norway,NOR,2019-05-06,43.34
64789,Norway,NOR,2019-05-07,43.91
64790,Norway,NOR,2019-05-08,42.69
64791,Norway,NOR,2019-05-09,43.15
64792,Norway,NOR,2019-05-10,43.08
64793,Norway,NOR,2019-05-11,40.95
64794,Norway,NOR,2019-05-12,40.37
64795,Norway,NOR,2019-05-13,42.09
64796,Norway,NOR,2019-05-14,42.67
64797,Norway,NOR,2019-05-15,42.09
64798,Norway,NOR,2019-05-16,39.96
64799,Norway,NOR,2019-05-17,38.86
64800,Norway,NOR,2019-05-18,36.32
64801,Norway,NOR,2019-05-19,36.92
64802,Norway,NOR,2019-05-20,40.68
64803,Norway,NOR,2019-05-21,39.47
64804,Norway,NOR,2019-05-22,38.45
64805,Norway,NOR,2019-05-23,38.41
64806,Norway,NOR,2019-05-24,38.31
64807,Norway,NOR,2019-05-25,35.17
64808,Norway,NOR,2019-05-26,30.07
64809,Norway,NOR,2019-05-27,37.0
64810,Norway,NOR,2019-05-28,37.82
64811,Norway,NOR,2019-05-29,37.48
64812,Norway,NOR,2019-05-30,33.05
64813,Norway,NOR,2019-05-31,34.93
64814,Norway,NOR,2019-06-01,33.14
64815,Norway,NOR,2019-06-02,30.54
64816,Norway,NOR,2019-06-03,33.58
64817,Norway,NOR,2019-06-04,33.15
64818,Norway,NOR,2019-06-05,31.35
64819,Norway,NOR,2019-06-06,26.8
64820,Norway,NOR,2019-06-07,27.42
64821,Norway,NOR,2019-06-08,12.72
64822,Norway,NOR,2019-06-09,20.42
64823,Norway,NOR,2019-06-10,26.73
64824,Norway,NOR,2019-06-11,28.86
64825,Norway,NOR,2019-06-12,30.24
64826,Norway,NOR,2019-06-13,29.85
64827,Norway,NOR,2019-06-14,31.11
64828,Norway,NOR,2019-06-15,26.1
64829,Norway,NOR,2019-06-16,26.43
64830,Norway,NOR,2019-06-17,30.06
64831,Norway,NOR,2019-06-18,30.62
64832,Norway,NOR,2019-06-19,31.94
64833,Norway,NOR,2019-06-20,29.71
64834,Norway,NOR,2019-06-21,29.49
64835,Norway,NOR,2019-06-22,27.4
64836,Norway,NOR,2019-06-23,25.75
64837,Norway,NOR,2019-06-24,31.33
64838,Norway,NOR,2019-06-25,31.71
64839,Norway,NOR,2019-06-26,30.76
64840,Norway,NOR,2019-06-27,28.93
64841,Norway,NOR,2019-06-28,30.08
64842,Norway,NOR,2019-06-29,26.49
64843,Norway,NOR,2019-06-30,22.51
64844,Norway,NOR,2019-07-01,27.23
64845,Norway,NOR,2019-07-02,26.91
64846,Norway,NOR,2019-07-03,28.27
64847,Norway,NOR,2019-07-04,28.43
64848,Norway,NOR,2019-07-05,29.09
64849,Norway,NOR,2019-07-06,28.43
64850,Norway,NOR,2019-07-07,27.92
64851,Norway,NOR,2019-07-08,30.58
64852,Norway,NOR,2019-07-09,32.39
64853,Norway,NOR,2019-07-10,33.3
64854,Norway,NOR,2019-07-11,34.86
64855,Norway,NOR,2019-07-12,36.36
64856,Norway,NOR,2019-07-13,36.38
64857,Norway,NOR,2019-07-14,36.31
64858,Norway,NOR,2019-07-15,37.69
64859,Norway,NOR,2019-07-16,37.19
64860,Norway,NOR,2019-07-17,37.42
64861,Norway,NOR,2019-07-18,37.71
64862,Norway,NOR,2019-07-19,38.19
64863,Norway,NOR,2019-07-20,35.84
64864,Norway,NOR,2019-07-21,35.27
64865,Norway,NOR,2019-07-22,37.35
64866,Norway,NOR,2019-07-23,37.82
64867,Norway,NOR,2019-07-24,38.7
64868,Norway,NOR,2019-07-25,39.18
64869,Norway,NOR,2019-07-26,38.82
64870,Norway,NOR,2019-07-27,36.58
64871,Norway,NOR,2019-07-28,35.61
64872,Norway,NOR,2019-07-29,39.52
64873,Norway,NOR,2019-07-30,39.78
64874,Norway,NOR,2019-07-31,39.35
64875,Norway,NOR,2019-08-01,39.64
64876,Norway,NOR,2019-08-02,39.96
64877,Norway,NOR,2019-08-03,39.08
64878,Norway,NOR,2019-08-04,39.09
64879,Norway,NOR,2019-08-05,40.19
64880,Norway,NOR,2019-08-06,39.81
64881,Norway,NOR,2019-08-07,39.16
64882,Norway,NOR,2019-08-08,37.68
64883,Norway,NOR,2019-08-09,37.28
64884,Norway,NOR,2019-08-10,33.51
64885,Norway,NOR,2019-08-11,30.33
64886,Norway,NOR,2019-08-12,36.42
64887,Norway,NOR,2019-08-13,36.1
64888,Norway,NOR,2019-08-14,34.73
64889,Norway,NOR,2019-08-15,33.01
64890,Norway,NOR,2019-08-16,33.73
64891,Norway,NOR,2019-08-17,30.42
64892,Norway,NOR,2019-08-18,33.28
64893,Norway,NOR,2019-08-19,33.92
64894,Norway,NOR,2019-08-20,35.15
64895,Norway,NOR,2019-08-21,34.81
64896,Norway,NOR,2019-08-22,33.7
64897,Norway,NOR,2019-08-23,33.53
64898,Norway,NOR,2019-08-24,32.77
64899,Norway,NOR,2019-08-25,32.72
64900,Norway,NOR,2019-08-26,35.45
64901,Norway,NOR,2019-08-27,36.23
64902,Norway,NOR,2019-08-28,36.62
64903,Norway,NOR,2019-08-29,34.08
64904,Norway,NOR,2019-08-30,32.81
64905,Norway,NOR,2019-08-31,31.06
64906,Norway,NOR,2019-09-01,30.57
64907,Norway,NOR,2019-09-02,32.94
64908,Norway,NOR,2019-09-03,33.16
64909,Norway,NOR,2019-09-04,33.36
64910,Norway,NOR,2019-09-05,30.87
64911,Norway,NOR,2019-09-06,31.33
64912,Norway,NOR,2019-09-07,31.87
64913,Norway,NOR,2019-09-08,32.79
64914,Norway,NOR,2019-09-09,34.01
64915,Norway,NOR,2019-09-10,32.67
64916,Norway,NOR,2019-09-11,30.78
64917,Norway,NOR,2019-09-12,30.61
64918,Norway,NOR,2019-09-13,30.42
64919,Norway,NOR,2019-09-14,28.88
64920,Norway,NOR,2019-09-15,21.12
64921,Norway,NOR,2019-09-16,28.72
64922,Norway,NOR,2019-09-17,30.92
64923,Norway,NOR,2019-09-18,30.94
64924,Norway,NOR,2019-09-19,31.4
64925,Norway,NOR,2019-09-20,30.58
64926,Norway,NOR,2019-09-21,30.75
64927,Norway,NOR,2019-09-22,30.44
64928,Norway,NOR,2019-09-23,31.9
64929,Norway,NOR,2019-09-24,32.79
64930,Norway,NOR,2019-09-25,32.82
64931,Norway,NOR,2019-09-26,32.63
64932,Norway,NOR,2019-09-27,32.74
64933,Norway,NOR,2019-09-28,30.79
64934,Norway,NOR,2019-09-29,30.8
64935,Norway,NOR,2019-09-30,32.72
64936,Norway,NOR,2019-10-01,33.69
64937,Norway,NOR,2019-10-02,34.7
64938,Norway,NOR,2019-10-03,35.63
64939,Norway,NOR,2019-10-04,36.39
64940,Norway,NOR,2019-10-05,36.0
64941,Norway,NOR,2019-10-06,35.39
64942,Norway,NOR,2019-10-07,40.24
64943,Norway,NOR,2019-10-08,37.27
64944,Norway,NOR,2019-10-09,37.39
64945,Norway,NOR,2019-10-10,35.46
64946,Norway,NOR,2019-10-11,33.95
64947,Norway,NOR,2019-10-12,33.93
64948,Norway,NOR,2019-10-13,34.57
64949,Norway,NOR,2019-10-14,35.53
64950,Norway,NOR,2019-10-15,36.09
64951,Norway,NOR,2019-10-16,36.29
64952,Norway,NOR,2019-10-17,36.85
64953,Norway,NOR,2019-10-18,37.02
64954,Norway,NOR,2019-10-19,35.57
64955,Norway,NOR,2019-10-20,36.82
64956,Norway,NOR,2019-10-21,39.15
64957,Norway,NOR,2019-10-22,36.96
64958,Norway,NOR,2019-10-23,37.68
64959,Norway,NOR,2019-10-24,37.0
64960,Norway,NOR,2019-10-25,35.48
64961,Norway,NOR,2019-10-26,35.43
64962,Norway,NOR,2019-10-27,36.88
64963,Norway,NOR,2019-10-28,39.68
64964,Norway,NOR,2019-10-29,39.78
64965,Norway,NOR,2019-10-30,39.64
64966,Norway,NOR,2019-10-31,39.13
64967,Norway,NOR,2019-11-01,37.66
64968,Norway,NOR,2019-11-02,37.09
64969,Norway,NOR,2019-11-03,37.91
64970,Norway,NOR,2019-11-04,40.68
64971,Norway,NOR,2019-11-05,42.82
64972,Norway,NOR,2019-11-06,52.02
64973,Norway,NOR,2019-11-07,45.88
64974,Norway,NOR,2019-11-08,46.84
64975,Norway,NOR,2019-11-09,41.62
64976,Norway,NOR,2019-11-10,42.09
64977,Norway,NOR,2019-11-11,43.54
64978,Norway,NOR,2019-11-12,41.86
64979,Norway,NOR,2019-11-13,44.47
64980,Norway,NOR,2019-11-14,44.79
64981,Norway,NOR,2019-11-15,41.09
64982,Norway,NOR,2019-11-16,39.99
64983,Norway,NOR,2019-11-17,39.92
64984,Norway,NOR,2019-11-18,41.69
64985,Norway,NOR,2019-11-19,40.73
64986,Norway,NOR,2019-11-20,43.73
64987,Norway,NOR,2019-11-21,41.23
64988,Norway,NOR,2019-11-22,40.09
64989,Norway,NOR,2019-11-23,37.93
64990,Norway,NOR,2019-11-24,38.96
64991,Norway,NOR,2019-11-25,42.5
64992,Norway,NOR,2019-11-26,44.22
64993,Norway,NOR,2019-11-27,41.9
64994,Norway,NOR,2019-11-28,40.72
64995,Norway,NOR,2019-11-29,41.15
64996,Norway,NOR,2019-11-30,40.68
64997,Norway,NOR,2019-12-01,40.38
64998,Norway,NOR,2019-12-02,42.84
64999,Norway,NOR,2019-12-03,44.56
65000,Norway,NOR,2019-12-04,40.06
65001,Norway,NOR,2019-12-05,38.11
65002,Norway,NOR,2019-12-06,37.1
65003,Norway,NOR,2019-12-07,36.5
65004,Norway,NOR,2019-12-08,36.43
65005,Norway,NOR,2019-12-09,37.91
65006,Norway,NOR,2019-12-10,40.71
65007,Norway,NOR,2019-12-11,37.1
65008,Norway,NOR,2019-12-12,38.19
65009,Norway,NOR,2019-12-13,37.03
65010,Norway,NOR,2019-12-14,35.73
65011,Norway,NOR,2019-12-15,35.37
65012,Norway,NOR,2019-12-16,39.41
65013,Norway,NOR,2019-12-17,38.46
65014,Norway,NOR,2019-12-18,38.42
65015,Norway,NOR,2019-12-19,37.29
65016,Norway,NOR,2019-12-20,36.54
65017,Norway,NOR,2019-12-21,35.65
65018,Norway,NOR,2019-12-22,36.41
65019,Norway,NOR,2019-12-23,36.64
65020,Norway,NOR,2019-12-24,36.26
65021,Norway,NOR,2019-12-25,35.7
65022,Norway,NOR,2019-12-26,36.53
65023,Norway,NOR,2019-12-27,37.99
65024,Norway,NOR,2019-12-28,34.46
65025,Norway,NOR,2019-12-29,31.44
65026,Norway,NOR,2019-12-30,30.9
65027,Norway,NOR,2019-12-31,31.11
65028,Norway,NOR,2020-01-01,29.51
65029,Norway,NOR,2020-01-02,29.43
65030,Norway,NOR,2020-01-03,26.9
65031,Norway,NOR,2020-01-04,27.38
65032,Norway,NOR,2020-01-05,30.09
65033,Norway,NOR,2020-01-06,30.12
65034,Norway,NOR,2020-01-07,29.06
65035,Norway,NOR,2020-01-08,26.05
65036,Norway,NOR,2020-01-09,26.87
65037,Norway,NOR,2020-01-10,27.49
65038,Norway,NOR,2020-01-11,24.94
65039,Norway,NOR,2020-01-12,24.09
65040,Norway,NOR,2020-01-13,26.32
65041,Norway,NOR,2020-01-14,24.15
65042,Norway,NOR,2020-01-15,24.25
65043,Norway,NOR,2020-01-16,24.42
65044,Norway,NOR,2020-01-17,24.43
65045,Norway,NOR,2020-01-18,23.24
65046,Norway,NOR,2020-01-19,22.87
65047,Norway,NOR,2020-01-20,22.61
65048,Norway,NOR,2020-01-21,20.94
65049,Norway,NOR,2020-01-22,21.25
65050,Norway,NOR,2020-01-23,20.48
65051,Norway,NOR,2020-01-24,19.82
65052,Norway,NOR,2020-01-25,20.46
65053,Norway,NOR,2020-01-26,19.96
65054,Norway,NOR,2020-01-27,20.89
65055,Norway,NOR,2020-01-28,21.4
65056,Norway,NOR,2020-01-29,21.01
65057,Norway,NOR,2020-01-30,21.04
65058,Norway,NOR,2020-01-31,18.7
65059,Norway,NOR,2020-02-01,15.82
65060,Norway,NOR,2020-02-02,16.74
65061,Norway,NOR,2020-02-03,18.98
65062,Norway,NOR,2020-02-04,19.19
65063,Norway,NOR,2020-02-05,17.04
65064,Norway,NOR,2020-02-06,16.74
65065,Norway,NOR,2020-02-07,15.93
65066,Norway,NOR,2020-02-08,13.63
65067,Norway,NOR,2020-02-09,10.43
65068,Norway,NOR,2020-02-10,11.83
65069,Norway,NOR,2020-02-11,12.57
65070,Norway,NOR,2020-02-12,13.21
65071,Norway,NOR,2020-02-13,14.1
65072,Norway,NOR,2020-02-14,14.08
65073,Norway,NOR,2020-02-15,11.57
65074,Norway,NOR,2020-02-16,9.14
65075,Norway,NOR,2020-02-17,10.79
65076,Norway,NOR,2020-02-18,10.79
65077,Norway,NOR,2020-02-19,12.16
65078,Norway,NOR,2020-02-20,10.19
65079,Norway,NOR,2020-02-21,9.01
65080,Norway,NOR,2020-02-22,7.75
65081,Norway,NOR,2020-02-23,8.24
65082,Norway,NOR,2020-02-24,10.3
65083,Norway,NOR,2020-02-25,11.47
65084,Norway,NOR,2020-02-26,13.0
65085,Norway,NOR,2020-02-27,14.01
65086,Norway,NOR,2020-02-28,13.66
65087,Norway,NOR,2020-02-29,10.56
65088,Norway,NOR,2020-03-01,10.02
65089,Norway,NOR,2020-03-02,12.17
65090,Norway,NOR,2020-03-03,11.59
65091,Norway,NOR,2020-03-04,11.25
65092,Norway,NOR,2020-03-05,11.7
65093,Norway,NOR,2020-03-06,12.81
65094,Norway,NOR,2020-03-07,11.37
65095,Norway,NOR,2020-03-08,9.39
65096,Norway,NOR,2020-03-09,10.13
65097,Norway,NOR,2020-03-10,10.0
65098,Norway,NOR,2020-03-11,9.19
65099,Norway,NOR,2020-03-12,8.51
65100,Norway,NOR,2020-03-13,8.4
65101,Norway,NOR,2020-03-14,8.65
65102,Norway,NOR,2020-03-15,6.87
65103,Norway,NOR,2020-03-16,8.52
65104,Norway,NOR,2020-03-17,7.43
65105,Norway,NOR,2020-03-18,7.2
65106,Norway,NOR,2020-03-19,7.03
65107,Norway,NOR,2020-03-20,7.91
65108,Norway,NOR,2020-03-21,7.59
65109,Norway,NOR,2020-03-22,6.58
65110,Norway,NOR,2020-03-23,7.53
65111,Norway,NOR,2020-03-24,6.78
65112,Norway,NOR,2020-03-25,6.47
65113,Norway,NOR,2020-03-26,6.54
65114,Norway,NOR,2020-03-27,6.11
65115,Norway,NOR,2020-03-28,5.2
65116,Norway,NOR,2020-03-29,4.96
65117,Norway,NOR,2020-03-30,6.46
65118,Norway,NOR,2020-03-31,5.1
65119,Norway,NOR,2020-04-01,5.01
65120,Norway,NOR,2020-04-02,4.5
65121,Norway,NOR,2020-04-03,4.13
65122,Norway,NOR,2020-04-04,4.49
65123,Norway,NOR,2020-04-05,4.36
65124,Norway,NOR,2020-04-06,4.42
65125,Norway,NOR,2020-04-07,4.36
65126,Norway,NOR,2020-04-08,4.19
65127,Norway,NOR,2020-04-09,4.35
65128,Norway,NOR,2020-04-10,4.63
65129,Norway,NOR,2020-04-11,4.89
65130,Norway,NOR,2020-04-12,3.64
65131,Norway,NOR,2020-04-13,2.53
65132,Norway,NOR,2020-04-14,4.51
65133,Norway,NOR,2020-04-15,4.33
65134,Norway,NOR,2020-04-16,4.39
65135,Norway,NOR,2020-04-17,4.5
65136,Norway,NOR,2020-04-18,4.8
65137,Norway,NOR,2020-04-19,4.78
65138,Norway,NOR,2020-04-20,4.87
65139,Norway,NOR,2020-04-21,4.75
65140,Norway,NOR,2020-04-22,5.21
65141,Norway,NOR,2020-04-23,4.93
65142,Norway,NOR,2020-04-24,4.91
65143,Norway,NOR,2020-04-25,4.85
65144,Norway,NOR,2020-04-26,5.06
65145,Norway,NOR,2020-04-27,5.61
65146,Norway,NOR,2020-04-28,6.18
65147,Norway,NOR,2020-04-29,5.97
65148,Norway,NOR,2020-04-30,5.63
65149,Norway,NOR,2020-05-01,5.5
65150,Norway,NOR,2020-05-02,6.42
65151,Norway,NOR,2020-05-03,6.4
65152,Norway,NOR,2020-05-04,7.18
65153,Norway,NOR,2020-05-05,7.03
65154,Norway,NOR,2020-05-06,6.84
65155,Norway,NOR,2020-05-07,7.76
65156,Norway,NOR,2020-05-08,8.04
65157,Norway,NOR,2020-05-09,8.1
65158,Norway,NOR,2020-05-10,7.38
65159,Norway,NOR,2020-05-11,8.21
65160,Norway,NOR,2020-05-12,10.63
65161,Norway,NOR,2020-05-13,14.34
65162,Norway,NOR,2020-05-14,13.94
65163,Norway,NOR,2020-05-15,12.52
65164,Norway,NOR,2020-05-16,9.33
65165,Norway,NOR,2020-05-17,10.07
65166,Norway,NOR,2020-05-18,13.51
65167,Norway,NOR,2020-05-19,13.42
65168,Norway,NOR,2020-05-20,16.15
65169,Norway,NOR,2020-05-21,10.44
65170,Norway,NOR,2020-05-22,7.84
65171,Norway,NOR,2020-05-23,3.78
65172,Norway,NOR,2020-05-24,3.37
65173,Norway,NOR,2020-05-25,5.74
65174,Norway,NOR,2020-05-26,2.94
65175,Norway,NOR,2020-05-27,2.94
65176,Norway,NOR,2020-05-28,2.97
65177,Norway,NOR,2020-05-29,3.2
65178,Norway,NOR,2020-05-30,2.87
65179,Norway,NOR,2020-05-31,1.99
65180,Norway,NOR,2020-06-01,2.96
65181,Norway,NOR,2020-06-02,3.32
65182,Norway,NOR,2020-06-03,4.09
65183,Norway,NOR,2020-06-04,2.78
65184,Norway,NOR,2020-06-05,2.14
65185,Norway,NOR,2020-06-06,1.96
65186,Norway,NOR,2020-06-07,2.03
65187,Norway,NOR,2020-06-08,3.26
65188,Norway,NOR,2020-06-09,3.68
65189,Norway,NOR,2020-06-10,2.74
65190,Norway,NOR,2020-06-11,2.21
65191,Norway,NOR,2020-06-12,1.84
65192,Norway,NOR,2020-06-13,1.41
65193,Norway,NOR,2020-06-14,1.72
65194,Norway,NOR,2020-06-15,2.19
65195,Norway,NOR,2020-06-16,2.06
65196,Norway,NOR,2020-06-17,1.95
65197,Norway,NOR,2020-06-18,1.75
65198,Norway,NOR,2020-06-19,1.72
65199,Norway,NOR,2020-06-20,1.48
65200,Norway,NOR,2020-06-21,1.42
65201,Norway,NOR,2020-06-22,1.85
65202,Norway,NOR,2020-06-23,1.55
65203,Norway,NOR,2020-06-24,1.53
65204,Norway,NOR,2020-06-25,1.55
65205,Norway,NOR,2020-06-26,1.91
65206,Norway,NOR,2020-06-27,1.6
65207,Norway,NOR,2020-06-28,1.38
65208,Norway,NOR,2020-06-29,1.54
65209,Norway,NOR,2020-06-30,1.28
65210,Norway,NOR,2020-07-01,1.49
65211,Norway,NOR,2020-07-02,1.79
65212,Norway,NOR,2020-07-03,1.76
65213,Norway,NOR,2020-07-04,1.67
65214,Norway,NOR,2020-07-05,0.91
65215,Norway,NOR,2020-07-06,1.13
65216,Norway,NOR,2020-07-07,1.57
65217,Norway,NOR,2020-07-08,1.77
65218,Norway,NOR,2020-07-09,1.95
65219,Norway,NOR,2020-07-10,2.08
65220,Norway,NOR,2020-07-11,1.85
65221,Norway,NOR,2020-07-12,2.07
65222,Norway,NOR,2020-07-13,2.32
65223,Norway,NOR,2020-07-14,2.2
65224,Norway,NOR,2020-07-15,2.25
65225,Norway,NOR,2020-07-16,2.34
65226,Norway,NOR,2020-07-17,2.29
65227,Norway,NOR,2020-07-18,2.24
65228,Norway,NOR,2020-07-19,2.56
65229,Norway,NOR,2020-07-20,2.47
65230,Norway,NOR,2020-07-21,2.18
65231,Norway,NOR,2020-07-22,2.04
65232,Norway,NOR,2020-07-23,1.94
65233,Norway,NOR,2020-07-24,2.03
65234,Norway,NOR,2020-07-25,2.0
65235,Norway,NOR,2020-07-26,1.67
65236,Norway,NOR,2020-07-27,1.82
65237,Norway,NOR,2020-07-28,1.47
65238,Norway,NOR,2020-07-29,1.43
65239,Norway,NOR,2020-07-30,1.38
65240,Norway,NOR,2020-07-31,1.54
65241,Norway,NOR,2020-08-01,1.42
65242,Norway,NOR,2020-08-02,1.4
65243,Norway,NOR,2020-08-03,1.62
65244,Norway,NOR,2020-08-04,1.64
65245,Norway,NOR,2020-08-05,1.63
65246,Norway,NOR,2020-08-06,1.8
65247,Norway,NOR,2020-08-07,1.85
65248,Norway,NOR,2020-08-08,1.84
65249,Norway,NOR,2020-08-09,1.93
65250,Norway,NOR,2020-08-10,2.29
65251,Norway,NOR,2020-08-11,2.79
65252,Norway,NOR,2020-08-12,3.23
65253,Norway,NOR,2020-08-13,3.62
65254,Norway,NOR,2020-08-14,3.82
65255,Norway,NOR,2020-08-15,3.54
65256,Norway,NOR,2020-08-16,4.08
65257,Norway,NOR,2020-08-17,4.63
65258,Norway,NOR,2020-08-18,5.15
65259,Norway,NOR,2020-08-19,5.14
65260,Norway,NOR,2020-08-20,4.97
65261,Norway,NOR,2020-08-21,4.91
65262,Norway,NOR,2020-08-22,4.47
65263,Norway,NOR,2020-08-23,3.86
65264,Norway,NOR,2020-08-24,4.48
65265,Norway,NOR,2020-08-25,5.37
65266,Norway,NOR,2020-08-26,6.38
65267,Norway,NOR,2020-08-27,7.72
65268,Norway,NOR,2020-08-28,9.27
65269,Norway,NOR,2020-08-29,10.62
65270,Norway,NOR,2020-08-30,12.9
65271,Norway,NOR,2020-08-31,16.46
65272,Norway,NOR,2020-09-01,17.58
65273,Norway,NOR,2020-09-02,17.79
65274,Norway,NOR,2020-09-03,16.15
65275,Norway,NOR,2020-09-04,15.72
65276,Norway,NOR,2020-09-05,14.07
65277,Norway,NOR,2020-09-06,13.29
65278,Norway,NOR,2020-09-07,13.13
65279,Norway,NOR,2020-09-08,11.17
65280,Norway,NOR,2020-09-09,12.1
65281,Norway,NOR,2020-09-10,11.92
65282,Norway,NOR,2020-09-11,11.87
65283,Norway,NOR,2020-09-12,11.13
65284,Norway,NOR,2020-09-13,10.36
65285,Norway,NOR,2020-09-14,12.95
65286,Norway,NOR,2020-09-15,12.15
65287,Norway,NOR,2020-09-16,10.44
65288,Norway,NOR,2020-09-17,9.9
65289,Norway,NOR,2020-09-18,7.07
65290,Norway,NOR,2020-09-19,5.98
65291,Norway,NOR,2020-09-20,4.44
65292,Norway,NOR,2020-09-21,5.67
65293,Norway,NOR,2020-09-22,5.74
65294,Norway,NOR,2020-09-23,5.28
65295,Norway,NOR,2020-09-24,4.42
65296,Norway,NOR,2020-09-25,3.99
65297,Norway,NOR,2020-09-26,2.76
65298,Norway,NOR,2020-09-27,2.2
65299,Norway,NOR,2020-09-28,2.21
65300,Norway,NOR,2020-09-29,2.3
65301,Norway,NOR,2020-09-30,2.63
65302,Norway,NOR,2020-10-01,2.73
65303,Norway,NOR,2020-10-02,3.28
65304,Norway,NOR,2020-10-03,3.2
65305,Norway,NOR,2020-10-04,3.92
65306,Norway,NOR,2020-10-05,5.29
65307,Norway,NOR,2020-10-06,5.6
65308,Norway,NOR,2020-10-07,6.39
65309,Norway,NOR,2020-10-08,7.99
65310,Norway,NOR,2020-10-09,10.73
65311,Norway,NOR,2020-10-10,12.22
65312,Norway,NOR,2020-10-11,15.52
65313,Norway,NOR,2020-10-12,16.81
65314,Norway,NOR,2020-10-13,17.62
65315,Norway,NOR,2020-10-14,17.88
65316,Norway,NOR,2020-10-15,18.38
65317,Norway,NOR,2020-10-16,21.35
65318,Norway,NOR,2020-10-17,16.64
65319,Norway,NOR,2020-10-18,16.93
65320,Norway,NOR,2020-10-19,22.56
65321,Norway,NOR,2020-10-20,18.31
65322,Norway,NOR,2020-10-21,16.76
65323,Norway,NOR,2020-10-22,13.98
65324,Norway,NOR,2020-10-23,17.62
65325,Norway,NOR,2020-10-24,13.97
65326,Norway,NOR,2020-10-25,9.96
65327,Norway,NOR,2020-10-26,13.7
65328,Norway,NOR,2020-10-27,12.59
65329,Norway,NOR,2020-10-28,10.17
65330,Norway,NOR,2020-10-29,10.99
65331,Norway,NOR,2020-10-30,10.27
65332,Norway,NOR,2020-10-31,8.85
65333,Norway,NOR,2020-11-01,5.44
65334,Norway,NOR,2020-11-02,4.15
65335,Norway,NOR,2020-11-03,6.08
65336,Norway,NOR,2020-11-04,4.43
65337,Norway,NOR,2020-11-05,2.5
65338,Norway,NOR,2020-11-06,4.34
65339,Norway,NOR,2020-11-07,3.57
65340,Norway,NOR,2020-11-08,5.56
65341,Norway,NOR,2020-11-09,7.0
65342,Norway,NOR,2020-11-10,8.74
65343,Norway,NOR,2020-11-11,8.12
65344,Norway,NOR,2020-11-12,6.03
65345,Norway,NOR,2020-11-13,4.01
65346,Norway,NOR,2020-11-14,3.13
65347,Norway,NOR,2020-11-15,2.03
65348,Norway,NOR,2020-11-16,1.91
65349,Norway,NOR,2020-11-17,2.02
65350,Norway,NOR,2020-11-18,1.81
65351,Norway,NOR,2020-11-19,1.6
65352,Norway,NOR,2020-11-20,2.2
65353,Norway,NOR,2020-11-21,1.53
65354,Norway,NOR,2020-11-22,1.33
65355,Norway,NOR,2020-11-23,2.58
65356,Norway,NOR,2020-11-24,3.83
65357,Norway,NOR,2020-11-25,3.43
65358,Norway,NOR,2020-11-26,5.14
65359,Norway,NOR,2020-11-27,8.01
65360,Norway,NOR,2020-11-28,10.62
65361,Norway,NOR,2020-11-29,12.34
65362,Norway,NOR,2020-11-30,12.48
65363,Norway,NOR,2020-12-01,13.7
65364,Norway,NOR,2020-12-02,14.04
65365,Norway,NOR,2020-12-03,14.8
65366,Norway,NOR,2020-12-04,16.02
65367,Norway,NOR,2020-12-05,17.38
65368,Norway,NOR,2020-12-06,16.62
65369,Norway,NOR,2020-12-07,15.67
65370,Norway,NOR,2020-12-08,17.92
65371,Norway,NOR,2020-12-09,25.59
65372,Norway,NOR,2020-12-10,29.54
65373,Norway,NOR,2020-12-11,19.28
65374,Norway,NOR,2020-12-12,19.46
65375,Norway,NOR,2020-12-13,20.06
65376,Norway,NOR,2020-12-14,19.64
65377,Norway,NOR,2020-12-15,20.63
65378,Norway,NOR,2020-12-16,21.42
65379,Norway,NOR,2020-12-17,19.55
65380,Norway,NOR,2020-12-18,18.67
65381,Norway,NOR,2020-12-19,16.08
65382,Norway,NOR,2020-12-20,14.54
65383,Norway,NOR,2020-12-21,16.06
65384,Norway,NOR,2020-12-22,14.67
65385,Norway,NOR,2020-12-23,16.74
65386,Norway,NOR,2020-12-24,15.2
65387,Norway,NOR,2020-12-25,17.53
65388,Norway,NOR,2020-12-26,15.95
65389,Norway,NOR,2020-12-27,7.68
65390,Norway,NOR,2020-12-28,16.8
65391,Norway,NOR,2020-12-29,19.6
65392,Norway,NOR,2020-12-30,21.71
65393,Norway,NOR,2020-12-31,23.95
65394,Norway,NOR,2021-01-01,25.52
65395,Norway,NOR,2021-01-02,27.29
65396,Norway,NOR,2021-01-03,25.21
65397,Norway,NOR,2021-01-04,38.95
65398,Norway,NOR,2021-01-05,43.05
65399,Norway,NOR,2021-01-06,39.48
65400,Norway,NOR,2021-01-07,62.56
65401,Norway,NOR,2021-01-08,70.75
65402,Norway,NOR,2021-01-09,49.21
65403,Norway,NOR,2021-01-10,40.66
65404,Norway,NOR,2021-01-11,40.67
65405,Norway,NOR,2021-01-12,41.05
65406,Norway,NOR,2021-01-13,41.38
65407,Norway,NOR,2021-01-14,69.86
65408,Norway,NOR,2021-01-15,62.77
65409,Norway,NOR,2021-01-16,49.92
65410,Norway,NOR,2021-01-17,49.19
65411,Norway,NOR,2021-01-18,52.3
65412,Norway,NOR,2021-01-19,43.57
65413,Norway,NOR,2021-01-20,34.51
65414,Norway,NOR,2021-01-21,29.52
65415,Norway,NOR,2021-01-22,29.58
65416,Norway,NOR,2021-01-23,37.46
65417,Norway,NOR,2021-01-24,45.03
65418,Norway,NOR,2021-01-25,55.26
65419,Norway,NOR,2021-01-26,55.18
65420,Norway,NOR,2021-01-27,55.97
65421,Norway,NOR,2021-01-28,55.86
65422,Norway,NOR,2021-01-29,51.34
65423,Norway,NOR,2021-01-30,48.2
65424,Norway,NOR,2021-01-31,48.32
65425,Norway,NOR,2021-02-01,78.0
65426,Norway,NOR,2021-02-02,64.02
65427,Norway,NOR,2021-02-03,47.86
65428,Norway,NOR,2021-02-04,51.9
65429,Norway,NOR,2021-02-05,59.44
65430,Norway,NOR,2021-02-06,41.88
65431,Norway,NOR,2021-02-07,39.43
65432,Norway,NOR,2021-02-08,53.38
65433,Norway,NOR,2021-02-09,65.68
65434,Norway,NOR,2021-02-10,65.99
65435,Norway,NOR,2021-02-11,77.53
65436,Norway,NOR,2021-02-12,62.63
65437,Norway,NOR,2021-02-13,48.06
65438,Norway,NOR,2021-02-14,45.09
65439,Norway,NOR,2021-02-15,54.5
65440,Norway,NOR,2021-02-16,50.96
65441,Norway,NOR,2021-02-17,46.56
65442,Norway,NOR,2021-02-18,42.09
65443,Norway,NOR,2021-02-19,44.67
65444,Norway,NOR,2021-02-20,35.84
65445,Norway,NOR,2021-02-21,35.16
65446,Norway,NOR,2021-02-22,42.08
65447,Norway,NOR,2021-02-23,37.84
65448,Norway,NOR,2021-02-24,31.26
65449,Norway,NOR,2021-02-25,30.82
65450,Norway,NOR,2021-02-26,28.82
65451,Norway,NOR,2021-02-27,31.99
65452,Norway,NOR,2021-02-28,30.72
65453,Norway,NOR,2021-03-01,33.32
65454,Norway,NOR,2021-03-02,36.65
65455,Norway,NOR,2021-03-03,36.81
65456,Norway,NOR,2021-03-04,36.37
65457,Norway,NOR,2021-03-05,41.1
65458,Norway,NOR,2021-03-06,31.3
65459,Norway,NOR,2021-03-07,32.75
65460,Norway,NOR,2021-03-08,47.17
65461,Norway,NOR,2021-03-09,46.04
65462,Norway,NOR,2021-03-10,37.38
65463,Norway,NOR,2021-03-11,30.58
65464,Norway,NOR,2021-03-12,32.72
65465,Norway,NOR,2021-03-13,33.31
65466,Norway,NOR,2021-03-14,34.56
65467,Norway,NOR,2021-03-15,40.07
65468,Norway,NOR,2021-03-16,41.77
65469,Norway,NOR,2021-03-17,44.33
65470,Norway,NOR,2021-03-18,40.67
65471,Norway,NOR,2021-03-19,37.77
65472,Norway,NOR,2021-03-20,32.06
65473,Norway,NOR,2021-03-21,30.27
65474,Norway,NOR,2021-03-22,35.72
65475,Norway,NOR,2021-03-23,35.26
65476,Norway,NOR,2021-03-24,32.76
65477,Norway,NOR,2021-03-25,33.89
65478,Norway,NOR,2021-03-26,32.75
65479,Norway,NOR,2021-03-27,30.52
65480,Norway,NOR,2021-03-28,31.22
65481,Norway,NOR,2021-03-29,30.59
65482,Norway,NOR,2021-03-30,31.19
65483,Norway,NOR,2021-03-31,32.65
65484,Norway,NOR,2021-04-01,32.02
65485,Norway,NOR,2021-04-02,27.01
65486,Norway,NOR,2021-04-03,29.88
65487,Norway,NOR,2021-04-04,20.55
65488,Norway,NOR,2021-04-05,16.04
65489,Norway,NOR,2021-04-06,30.26
65490,Norway,NOR,2021-04-07,34.63
65491,Norway,NOR,2021-04-08,37.98
65492,Norway,NOR,2021-04-09,30.79
65493,Norway,NOR,2021-04-10,33.29
65494,Norway,NOR,2021-04-11,34.63
65495,Norway,NOR,2021-04-12,36.78
65496,Norway,NOR,2021-04-13,36.76
65497,Norway,NOR,2021-04-14,44.08
65498,Norway,NOR,2021-04-15,46.42
65499,Norway,NOR,2021-04-16,42.96
65500,Norway,NOR,2021-04-17,39.76
65501,Norway,NOR,2021-04-18,39.63
65502,Norway,NOR,2021-04-19,40.89
65503,Norway,NOR,2021-04-20,38.22
65504,Norway,NOR,2021-04-21,35.99
65505,Norway,NOR,2021-04-22,33.94
65506,Norway,NOR,2021-04-23,37.62
65507,Norway,NOR,2021-04-24,37.72
65508,Norway,NOR,2021-04-25,37.35
65509,Norway,NOR,2021-04-26,56.19
65510,Norway,NOR,2021-04-27,53.62
65511,Norway,NOR,2021-04-28,57.8
65512,Norway,NOR,2021-04-29,52.29
65513,Norway,NOR,2021-04-30,50.97
65514,Norway,NOR,2021-05-01,49.4
65515,Norway,NOR,2021-05-02,46.41
65516,Norway,NOR,2021-05-03,59.81
65517,Norway,NOR,2021-05-04,42.42
65518,Norway,NOR,2021-05-05,47.19
65519,Norway,NOR,2021-05-06,62.62
65520,Norway,NOR,2021-05-07,64.43
65521,Norway,NOR,2021-05-08,49.32
65522,Norway,NOR,2021-05-09,36.94
65523,Norway,NOR,2021-05-10,47.92
65524,Norway,NOR,2021-05-11,49.2
65525,Norway,NOR,2021-05-12,48.23
65526,Norway,NOR,2021-05-13,42.33
65527,Norway,NOR,2021-05-14,42.68
65528,Norway,NOR,2021-05-15,38.97
65529,Norway,NOR,2021-05-16,31.7
65530,Norway,NOR,2021-05-17,45.96
65531,Norway,NOR,2021-05-18,47.39
65532,Norway,NOR,2021-05-19,49.56
65533,Norway,NOR,2021-05-20,44.39
65534,Norway,NOR,2021-05-21,30.14
65535,Norway,NOR,2021-05-22,18.97
65536,Norway,NOR,2021-05-23,24.92
65537,Norway,NOR,2021-05-24,37.18
65538,Norway,NOR,2021-05-25,42.53
65539,Norway,NOR,2021-05-26,42.46
65540,Norway,NOR,2021-05-27,42.78
65541,Norway,NOR,2021-05-28,42.93
65542,Norway,NOR,2021-05-29,39.76
65543,Norway,NOR,2021-05-30,32.57
65544,Norway,NOR,2021-05-31,44.18
65545,Norway,NOR,2021-06-01,45.32
65546,Norway,NOR,2021-06-02,45.47
65547,Norway,NOR,2021-06-03,43.62
65548,Norway,NOR,2021-06-04,45.89
65549,Norway,NOR,2021-06-05,44.01
65550,Norway,NOR,2021-06-06,43.24
65551,Norway,NOR,2021-06-07,50.1
65552,Norway,NOR,2021-06-08,50.03
65553,Norway,NOR,2021-06-09,50.17
65554,Norway,NOR,2021-06-10,49.12
65555,Norway,NOR,2021-06-11,44.32
65556,Norway,NOR,2021-06-12,27.93
65557,Norway,NOR,2021-06-13,18.05
65558,Norway,NOR,2021-06-14,39.48
65559,Norway,NOR,2021-06-15,38.22
65560,Norway,NOR,2021-06-16,39.89
65561,Norway,NOR,2021-06-17,38.32
65562,Norway,NOR,2021-06-18,37.15
65563,Norway,NOR,2021-06-19,36.71
65564,Norway,NOR,2021-06-20,35.66
65565,Norway,NOR,2021-06-21,37.85
65566,Norway,NOR,2021-06-22,39.92
65567,Norway,NOR,2021-06-23,41.48
65568,Norway,NOR,2021-06-24,43.56
65569,Norway,NOR,2021-06-25,42.79
65570,Norway,NOR,2021-06-26,43.53
65571,Norway,NOR,2021-06-27,42.05
65572,Norway,NOR,2021-06-28,45.65
65573,Norway,NOR,2021-06-29,45.93
65574,Norway,NOR,2021-06-30,45.73
65575,Norway,NOR,2021-07-01,44.71
65576,Norway,NOR,2021-07-02,47.16
65577,Norway,NOR,2021-07-03,47.54
65578,Norway,NOR,2021-07-04,48.57
65579,Norway,NOR,2021-07-05,50.34
65580,Norway,NOR,2021-07-06,49.58
65581,Norway,NOR,2021-07-07,49.63
65582,Norway,NOR,2021-07-08,56.0
65583,Norway,NOR,2021-07-09,52.11
65584,Norway,NOR,2021-07-10,50.48
65585,Norway,NOR,2021-07-11,48.15
65586,Norway,NOR,2021-07-12,50.82
65587,Norway,NOR,2021-07-13,50.94
65588,Norway,NOR,2021-07-14,53.9
65589,Norway,NOR,2021-07-15,49.16
65590,Norway,NOR,2021-07-16,50.18
65591,Norway,NOR,2021-07-17,44.58
65592,Norway,NOR,2021-07-18,33.97
65593,Norway,NOR,2021-07-19,46.99
65594,Norway,NOR,2021-07-20,49.83
65595,Norway,NOR,2021-07-21,49.76
65596,Norway,NOR,2021-07-22,48.19
65597,Norway,NOR,2021-07-23,50.35
65598,Norway,NOR,2021-07-24,50.22
65599,Norway,NOR,2021-07-25,47.84
65600,Norway,NOR,2021-07-26,50.9
65601,Norway,NOR,2021-07-27,50.43
65602,Norway,NOR,2021-07-28,49.7
65603,Norway,NOR,2021-07-29,45.47
65604,Norway,NOR,2021-07-30,47.21
65605,Norway,NOR,2021-07-31,43.23
65606,Norway,NOR,2021-08-01,50.05
65607,Norway,NOR,2021-08-02,55.55
65608,Norway,NOR,2021-08-03,57.59
65609,Norway,NOR,2021-08-04,58.66
65610,Norway,NOR,2021-08-05,59.48
65611,Norway,NOR,2021-08-06,59.28
65612,Norway,NOR,2021-08-07,52.9
65613,Norway,NOR,2021-08-08,38.32
65614,Norway,NOR,2021-08-09,58.2
65615,Norway,NOR,2021-08-10,66.65
65616,Norway,NOR,2021-08-11,68.02
65617,Norway,NOR,2021-08-12,70.24
65618,Norway,NOR,2021-08-13,65.29
65619,Norway,NOR,2021-08-14,59.45
65620,Norway,NOR,2021-08-15,57.93
65621,Norway,NOR,2021-08-16,65.05
65622,Norway,NOR,2021-08-17,61.91
65623,Norway,NOR,2021-08-18,62.23
65624,Norway,NOR,2021-08-19,61.21
65625,Norway,NOR,2021-08-20,65.49
65626,Norway,NOR,2021-08-21,65.76
65627,Norway,NOR,2021-08-22,64.08
65628,Norway,NOR,2021-08-23,73.61
65629,Norway,NOR,2021-08-24,72.14
65630,Norway,NOR,2021-08-25,60.91
65631,Norway,NOR,2021-08-26,69.0
65632,Norway,NOR,2021-08-27,72.02
65633,Norway,NOR,2021-08-28,70.95
65634,Norway,NOR,2021-08-29,70.98
65635,Norway,NOR,2021-08-30,84.09
65636,Norway,NOR,2021-08-31,82.62
65637,Norway,NOR,2021-09-01,80.79
65638,Norway,NOR,2021-09-02,78.99
65639,Norway,NOR,2021-09-03,75.16
65640,Norway,NOR,2021-09-04,78.5
65641,Norway,NOR,2021-09-05,77.85
65642,Norway,NOR,2021-09-06,89.95
65643,Norway,NOR,2021-09-07,82.67
65644,Norway,NOR,2021-09-08,81.5
65645,Norway,NOR,2021-09-09,85.88
65646,Norway,NOR,2021-09-10,86.65
65647,Norway,NOR,2021-09-11,82.38
65648,Norway,NOR,2021-09-12,76.51
65649,Norway,NOR,2021-09-13,82.56
65650,Norway,NOR,2021-09-14,93.11
65651,Norway,NOR,2021-09-15,94.26
65652,Norway,NOR,2021-09-16,98.35
65653,Norway,NOR,2021-09-17,96.85
65654,Norway,NOR,2021-09-18,89.12
65655,Norway,NOR,2021-09-19,79.0
65656,Norway,NOR,2021-09-20,93.7
65657,Norway,NOR,2021-09-21,92.9
65658,Norway,NOR,2021-09-22,89.25
65659,Norway,NOR,2021-09-23,80.55
65660,Norway,NOR,2021-09-24,81.5
65661,Norway,NOR,2021-09-25,87.16
65662,Norway,NOR,2021-09-26,87.1
65663,Norway,NOR,2021-09-27,86.48
65664,Norway,NOR,2021-09-28,88.49
65665,Norway,NOR,2021-09-29,82.93
65666,Norway,NOR,2021-09-30,77.23
65667,Norway,NOR,2021-10-01,66.68
65668,Norway,NOR,2021-10-02,63.32
65669,Norway,NOR,2021-10-03,38.6
65670,Norway,NOR,2021-10-04,69.98
65671,Norway,NOR,2021-10-05,77.16
65672,Norway,NOR,2021-10-06,85.95
65673,Norway,NOR,2021-10-07,93.25
65674,Norway,NOR,2021-10-08,91.24
65675,Norway,NOR,2021-10-09,88.07
65676,Norway,NOR,2021-10-10,83.09
65677,Norway,NOR,2021-10-11,82.87
65678,Norway,NOR,2021-10-12,89.13
65679,Norway,NOR,2021-10-13,95.86
65680,Norway,NOR,2021-10-14,67.81
65681,Norway,NOR,2021-10-15,58.96
65682,Norway,NOR,2021-10-16,64.03
65683,Norway,NOR,2021-10-17,75.19
65684,Norway,NOR,2021-10-18,91.04
65685,Norway,NOR,2021-10-19,97.79
65686,Norway,NOR,2021-10-20,56.78
65687,Norway,NOR,2021-10-21,56.83
65688,Norway,NOR,2021-10-22,59.27
65689,Norway,NOR,2021-10-23,73.71
65690,Norway,NOR,2021-10-24,58.69
65691,Norway,NOR,2021-10-25,68.69
65692,Norway,NOR,2021-10-26,67.86
65693,Norway,NOR,2021-10-27,55.13
65694,Norway,NOR,2021-10-28,53.13
65695,Norway,NOR,2021-10-29,55.12
65696,Norway,NOR,2021-10-30,50.42
65697,Norway,NOR,2021-10-31,44.57
65698,Norway,NOR,2021-11-01,49.04
65699,Norway,NOR,2021-11-02,61.18
65700,Norway,NOR,2021-11-03,67.64
65701,Norway,NOR,2021-11-04,75.75
65702,Norway,NOR,2021-11-05,61.82
65703,Norway,NOR,2021-11-06,52.37
65704,Norway,NOR,2021-11-07,48.98
65705,Norway,NOR,2021-11-08,85.33
65706,Norway,NOR,2021-11-09,56.6
65707,Norway,NOR,2021-11-10,58.87
65708,Norway,NOR,2021-11-11,60.59
65709,Norway,NOR,2021-11-12,63.76
65710,Norway,NOR,2021-11-13,63.15
65711,Norway,NOR,2021-11-14,67.06
65712,Norway,NOR,2021-11-15,66.07
65713,Norway,NOR,2021-11-16,65.61
65714,Norway,NOR,2021-11-17,61.85
65715,Norway,NOR,2021-11-18,61.84
65716,Norway,NOR,2021-11-19,56.85
65717,Norway,NOR,2021-11-20,59.51
65718,Norway,NOR,2021-11-21,64.42
65719,Norway,NOR,2021-11-22,84.04
65720,Norway,NOR,2021-11-23,75.79
65721,Norway,NOR,2021-11-24,76.81
65722,Norway,NOR,2021-11-25,86.78
65723,Norway,NOR,2021-11-26,116.19
65724,Norway,NOR,2021-11-27,155.46
65725,Norway,NOR,2021-11-28,183.88
65726,Norway,NOR,2021-11-29,237.63
65727,Norway,NOR,2021-11-30,140.03
65728,Norway,NOR,2021-12-01,114.33
65729,Norway,NOR,2021-12-02,174.35
65730,Norway,NOR,2021-12-03,135.87
65731,Norway,NOR,2021-12-04,112.33
65732,Norway,NOR,2021-12-05,124.25
65733,Norway,NOR,2021-12-06,150.41
65734,Norway,NOR,2021-12-07,151.78
65735,Norway,NOR,2021-12-08,110.94
65736,Norway,NOR,2021-12-09,101.5
65737,Norway,NOR,2021-12-10,113.06
65738,Norway,NOR,2021-12-11,122.54
65739,Norway,NOR,2021-12-12,102.7
65740,Norway,NOR,2021-12-13,104.64
65741,Norway,NOR,2021-12-14,147.75
65742,Norway,NOR,2021-12-15,91.92
65743,Norway,NOR,2021-12-16,108.38
65744,Norway,NOR,2021-12-17,128.51
65745,Norway,NOR,2021-12-18,109.42
65746,Norway,NOR,2021-12-19,106.0
65747,Norway,NOR,2021-12-20,224.51
65748,Norway,NOR,2021-12-21,280.09
65749,Norway,NOR,2021-12-22,191.08
65750,Norway,NOR,2021-12-23,173.27
65751,Norway,NOR,2021-12-24,145.25
65752,Norway,NOR,2021-12-25,141.27
65753,Norway,NOR,2021-12-26,142.79
65754,Norway,NOR,2021-12-27,139.82
65755,Norway,NOR,2021-12-28,117.49
65756,Norway,NOR,2021-12-29,134.0
65757,Norway,NOR,2021-12-30,110.72
65758,Norway,NOR,2021-12-31,102.47
65759,Norway,NOR,2022-01-01,97.1
65760,Norway,NOR,2022-01-02,86.23
65761,Norway,NOR,2022-01-03,97.19
65762,Norway,NOR,2022-01-04,112.28
65763,Norway,NOR,2022-01-05,105.57
65764,Norway,NOR,2022-01-06,137.84
65765,Norway,NOR,2022-01-07,121.81
65766,Norway,NOR,2022-01-08,110.99
65767,Norway,NOR,2022-01-09,108.9
65768,Norway,NOR,2022-01-10,139.83
65769,Norway,NOR,2022-01-11,109.56
65770,Norway,NOR,2022-01-12,98.09
65771,Norway,NOR,2022-01-13,89.86
65772,Norway,NOR,2022-01-14,91.8
65773,Norway,NOR,2022-01-15,108.37
65774,Norway,NOR,2022-01-16,89.68
65775,Norway,NOR,2022-01-17,94.08
65776,Norway,NOR,2022-01-18,112.4
65777,Norway,NOR,2022-01-19,95.45
65778,Norway,NOR,2022-01-20,91.95
65779,Norway,NOR,2022-01-21,98.12
65780,Norway,NOR,2022-01-22,97.04
65781,Norway,NOR,2022-01-23,94.55
65782,Norway,NOR,2022-01-24,93.39
65783,Norway,NOR,2022-01-25,107.2
65784,Norway,NOR,2022-01-26,90.94
65785,Norway,NOR,2022-01-27,91.67
65786,Norway,NOR,2022-01-28,95.25
65787,Norway,NOR,2022-01-29,75.14
65788,Norway,NOR,2022-01-30,84.26
65789,Norway,NOR,2022-01-31,114.72
65790,Norway,NOR,2022-02-01,100.89
65791,Norway,NOR,2022-02-02,108.74
65792,Norway,NOR,2022-02-03,105.43
65793,Norway,NOR,2022-02-04,85.1
65794,Norway,NOR,2022-02-05,80.42
65795,Norway,NOR,2022-02-06,78.0
65796,Norway,NOR,2022-02-07,86.27
65797,Norway,NOR,2022-02-08,85.42
65798,Norway,NOR,2022-02-09,83.58
65799,Norway,NOR,2022-02-10,85.8
65800,Norway,NOR,2022-02-11,88.64
65801,Norway,NOR,2022-02-12,77.31
65802,Norway,NOR,2022-02-13,71.07
65803,Norway,NOR,2022-02-14,76.56
65804,Norway,NOR,2022-02-15,77.93
65805,Norway,NOR,2022-02-16,76.66
65806,Norway,NOR,2022-02-17,71.82
65807,Norway,NOR,2022-02-18,76.89
65808,Norway,NOR,2022-02-19,71.32
65809,Norway,NOR,2022-02-20,70.19
65810,Norway,NOR,2022-02-21,75.42
65811,Norway,NOR,2022-02-22,98.69
65812,Norway,NOR,2022-02-23,76.84
65813,Norway,NOR,2022-02-24,80.64
65814,Norway,NOR,2022-02-25,87.37
65815,Norway,NOR,2022-02-26,96.8
65816,Norway,NOR,2022-02-27,94.56
65817,Norway,NOR,2022-02-28,99.75
65818,Norway,NOR,2022-03-01,102.0
65819,Norway,NOR,2022-03-02,102.78
65820,Norway,NOR,2022-03-03,110.99
65821,Norway,NOR,2022-03-04,138.06
65822,Norway,NOR,2022-03-05,126.53
65823,Norway,NOR,2022-03-06,129.75
65824,Norway,NOR,2022-03-07,161.95
65825,Norway,NOR,2022-03-08,178.86
65826,Norway,NOR,2022-03-09,155.65
65827,Norway,NOR,2022-03-10,145.26
65828,Norway,NOR,2022-03-11,131.05
65829,Norway,NOR,2022-03-12,125.11
65830,Norway,NOR,2022-03-13,115.17
65831,Norway,NOR,2022-03-14,138.4
65832,Norway,NOR,2022-03-15,148.83
65833,Norway,NOR,2022-03-16,133.58
65834,Norway,NOR,2022-03-17,122.51
65835,Norway,NOR,2022-03-18,124.77
65836,Norway,NOR,2022-03-19,113.1
65837,Norway,NOR,2022-03-20,111.99
65838,Norway,NOR,2022-03-21,123.09
65839,Norway,NOR,2022-03-22,134.34
65840,Norway,NOR,2022-03-23,137.43
65841,Norway,NOR,2022-03-24,128.59
65842,Norway,NOR,2022-03-25,124.43
65843,Norway,NOR,2022-03-26,119.93
65844,Norway,NOR,2022-03-27,122.98
65845,Norway,NOR,2022-03-28,121.43
65846,Norway,NOR,2022-03-29,141.39
65847,Norway,NOR,2022-03-30,151.51
65848,Norway,NOR,2022-03-31,153.45
65849,Norway,NOR,2022-04-01,140.38
65850,Norway,NOR,2022-04-02,128.13
65851,Norway,NOR,2022-04-03,130.0
65852,Norway,NOR,2022-04-04,132.03
65853,Norway,NOR,2022-04-05,127.68
65854,Norway,NOR,2022-04-06,125.41
65855,Norway,NOR,2022-04-07,126.12
65856,Norway,NOR,2022-04-08,118.18
65857,Norway,NOR,2022-04-09,116.7
65858,Norway,NOR,2022-04-10,113.72
65859,Norway,NOR,2022-04-11,129.75
65860,Norway,NOR,2022-04-12,140.81
65861,Norway,NOR,2022-04-13,145.56
65862,Norway,NOR,2022-04-14,143.64
65863,Norway,NOR,2022-04-15,135.32
65864,Norway,NOR,2022-04-16,119.48
65865,Norway,NOR,2022-04-17,104.55
65866,Norway,NOR,2022-04-18,108.34
65867,Norway,NOR,2022-04-19,153.12
65868,Norway,NOR,2022-04-20,139.23
65869,Norway,NOR,2022-04-21,129.55
65870,Norway,NOR,2022-04-22,116.92
65871,Norway,NOR,2022-04-23,104.65
65872,Norway,NOR,2022-04-24,93.39
65873,Norway,NOR,2022-04-25,137.56
65874,Norway,NOR,2022-04-26,128.96
65875,Norway,NOR,2022-04-27,136.71
65876,Norway,NOR,2022-04-28,136.91
65877,Norway,NOR,2022-04-29,142.16
65878,Norway,NOR,2022-04-30,129.44
65879,Norway,NOR,2022-05-01,125.6
65880,Norway,NOR,2022-05-02,130.71
65881,Norway,NOR,2022-05-03,137.9
65882,Norway,NOR,2022-05-04,145.53
65883,Norway,NOR,2022-05-05,140.9
65884,Norway,NOR,2022-05-06,135.23
65885,Norway,NOR,2022-05-07,119.5
65886,Norway,NOR,2022-05-08,116.51
65887,Norway,NOR,2022-05-09,127.9
65888,Norway,NOR,2022-05-10,120.92
65889,Norway,NOR,2022-05-11,112.98
65890,Norway,NOR,2022-05-12,102.14
65891,Norway,NOR,2022-05-13,93.22
65892,Norway,NOR,2022-05-14,90.0
65893,Norway,NOR,2022-05-15,87.7
65894,Norway,NOR,2022-05-16,111.2
65895,Norway,NOR,2022-05-17,116.71
65896,Norway,NOR,2022-05-18,117.27
65897,Norway,NOR,2022-05-19,123.37
65898,Norway,NOR,2022-05-20,118.6
65899,Norway,NOR,2022-05-21,89.05
65900,Norway,NOR,2022-05-22,104.47
65901,Norway,NOR,2022-05-23,110.26
65902,Norway,NOR,2022-05-24,89.01
65903,Norway,NOR,2022-05-25,96.98
65904,Norway,NOR,2022-05-26,35.81
65905,Norway,NOR,2022-05-27,30.54
65906,Norway,NOR,2022-05-28,29.63
65907,Norway,NOR,2022-05-29,94.92
65908,Norway,NOR,2022-05-30,126.48
65909,Norway,NOR,2022-05-31,126.35
65910,Norway,NOR,2022-06-01,128.17
65911,Norway,NOR,2022-06-02,115.9
65912,Norway,NOR,2022-06-03,105.65
65913,Norway,NOR,2022-06-04,97.15
65914,Norway,NOR,2022-06-05,85.07
65915,Norway,NOR,2022-06-06,55.83
65916,Norway,NOR,2022-06-07,104.45
65917,Norway,NOR,2022-06-08,98.25
65918,Norway,NOR,2022-06-09,103.9
65919,Norway,NOR,2022-06-10,98.29
65920,Norway,NOR,2022-06-11,74.09
65921,Norway,NOR,2022-06-12,65.4
65922,Norway,NOR,2022-06-13,90.06
65923,Norway,NOR,2022-06-14,102.54
65924,Norway,NOR,2022-06-15,107.07
65925,Norway,NOR,2022-06-16,112.12
65926,Norway,NOR,2022-06-17,116.84
65927,Norway,NOR,2022-06-18,93.73
65928,Norway,NOR,2022-06-19,88.17
65929,Norway,NOR,2022-06-20,126.09
65930,Norway,NOR,2022-06-21,123.68
65931,Norway,NOR,2022-06-22,118.95
65932,Norway,NOR,2022-06-23,113.25
65933,Norway,NOR,2022-06-24,108.0
65934,Norway,NOR,2022-06-25,107.66
65935,Norway,NOR,2022-06-26,92.42
65936,Norway,NOR,2022-06-27,112.43
65937,Norway,NOR,2022-06-28,115.21
65938,Norway,NOR,2022-06-29,126.83
65939,Norway,NOR,2022-06-30,132.78
65940,Norway,NOR,2022-07-01,124.26
65941,Norway,NOR,2022-07-02,108.57
65942,Norway,NOR,2022-07-03,102.03
65943,Norway,NOR,2022-07-04,121.9
65944,Norway,NOR,2022-07-05,121.13
65945,Norway,NOR,2022-07-06,118.06
65946,Norway,NOR,2022-07-07,109.27
65947,Norway,NOR,2022-07-08,111.4
65948,Norway,NOR,2022-07-09,62.82
65949,Norway,NOR,2022-07-10,66.35
65950,Norway,NOR,2022-07-11,150.75
65951,Norway,NOR,2022-07-12,154.11
65952,Norway,NOR,2022-07-13,131.99
65953,Norway,NOR,2022-07-14,129.96
65954,Norway,NOR,2022-07-15,121.75
65955,Norway,NOR,2022-07-16,77.63
65956,Norway,NOR,2022-07-17,109.18
65957,Norway,NOR,2022-07-18,146.11
65958,Norway,NOR,2022-07-19,145.38
65959,Norway,NOR,2022-07-20,130.51
65960,Norway,NOR,2022-07-21,156.97
65961,Norway,NOR,2022-07-22,151.27
65962,Norway,NOR,2022-07-23,144.11
65963,Norway,NOR,2022-07-24,118.4
65964,Norway,NOR,2022-07-25,129.61
65965,Norway,NOR,2022-07-26,110.48
65966,Norway,NOR,2022-07-27,138.97
65967,Norway,NOR,2022-07-28,183.02
65968,Norway,NOR,2022-07-29,182.62
65969,Norway,NOR,2022-07-30,179.56
65970,Norway,NOR,2022-07-31,159.0
65971,Norway,NOR,2022-08-01,180.56
65972,Norway,NOR,2022-08-02,164.33
65973,Norway,NOR,2022-08-03,165.35
65974,Norway,NOR,2022-08-04,182.76
65975,Norway,NOR,2022-08-05,176.67
65976,Norway,NOR,2022-08-06,145.38
65977,Norway,NOR,2022-08-07,138.93
65978,Norway,NOR,2022-08-08,191.79
65979,Norway,NOR,2022-08-09,182.11
65980,Norway,NOR,2022-08-10,178.19
65981,Norway,NOR,2022-08-11,180.41
65982,Norway,NOR,2022-08-12,212.57
65983,Norway,NOR,2022-08-13,201.35
65984,Norway,NOR,2022-08-14,183.33
65985,Norway,NOR,2022-08-15,222.28
65986,Norway,NOR,2022-08-16,247.12
65987,Norway,NOR,2022-08-17,247.83
65988,Norway,NOR,2022-08-18,272.83
65989,Norway,NOR,2022-08-19,277.27
65990,Norway,NOR,2022-08-20,261.33
65991,Norway,NOR,2022-08-21,219.55
65992,Norway,NOR,2022-08-22,288.65
65993,Norway,NOR,2022-08-23,310.0
65994,Norway,NOR,2022-08-24,318.96
65995,Norway,NOR,2022-08-25,328.43
65996,Norway,NOR,2022-08-26,353.44
65997,Norway,NOR,2022-08-27,335.16
65998,Norway,NOR,2022-08-28,303.49
65999,Norway,NOR,2022-08-29,385.16
66000,Norway,NOR,2022-08-30,402.06
66001,Norway,NOR,2022-08-31,370.87
66002,Norway,NOR,2022-09-01,355.67
66003,Norway,NOR,2022-09-02,264.1
66004,Norway,NOR,2022-09-03,244.75
66005,Norway,NOR,2022-09-04,232.03
66006,Norway,NOR,2022-09-05,274.5
66007,Norway,NOR,2022-09-06,284.27
66008,Norway,NOR,2022-09-07,302.01
66009,Norway,NOR,2022-09-08,286.66
66010,Norway,NOR,2022-09-09,247.53
66011,Norway,NOR,2022-09-10,285.45
66012,Norway,NOR,2022-09-11,284.53
66013,Norway,NOR,2022-09-12,322.07
66014,Norway,NOR,2022-09-13,258.98
66015,Norway,NOR,2022-09-14,281.12
66016,Norway,NOR,2022-09-15,229.58
66017,Norway,NOR,2022-09-16,217.67
66018,Norway,NOR,2022-09-17,150.84
66019,Norway,NOR,2022-09-18,81.13
66020,Norway,NOR,2022-09-19,188.44
66021,Norway,NOR,2022-09-20,248.1
66022,Norway,NOR,2022-09-21,247.64
66023,Norway,NOR,2022-09-22,242.58
66024,Norway,NOR,2022-09-23,235.44
66025,Norway,NOR,2022-09-24,225.4
66026,Norway,NOR,2022-09-25,186.06
66027,Norway,NOR,2022-09-26,167.13
66028,Norway,NOR,2022-09-27,195.42
66029,Norway,NOR,2022-09-28,199.8
66030,Norway,NOR,2022-09-29,230.05
66031,Norway,NOR,2022-09-30,186.59
66032,Norway,NOR,2022-10-01,69.58
66033,Norway,NOR,2022-10-02,133.44
66034,Norway,NOR,2022-10-03,158.81
66035,Norway,NOR,2022-10-04,133.37
66036,Norway,NOR,2022-10-05,37.75
66037,Norway,NOR,2022-10-06,15.93
66038,Norway,NOR,2022-10-07,21.76
66039,Norway,NOR,2022-10-08,35.03
66040,Norway,NOR,2022-10-09,57.61
66041,Norway,NOR,2022-10-10,87.36
66042,Norway,NOR,2022-10-11,108.94
66043,Norway,NOR,2022-10-12,121.82
66044,Norway,NOR,2022-10-13,145.9
66045,Norway,NOR,2022-10-14,134.65
66046,Norway,NOR,2022-10-15,95.01
66047,Norway,NOR,2022-10-16,74.8
66048,Norway,NOR,2022-10-17,96.18
66049,Norway,NOR,2022-10-18,107.24
66050,Norway,NOR,2022-10-19,103.93
66051,Norway,NOR,2022-10-20,101.52
66052,Norway,NOR,2022-10-21,113.07
66053,Norway,NOR,2022-10-22,104.24
66054,Norway,NOR,2022-10-23,71.91
66055,Norway,NOR,2022-10-24,67.34
66056,Norway,NOR,2022-10-25,83.13
66057,Norway,NOR,2022-10-26,91.69
66058,Norway,NOR,2022-10-27,80.69
66059,Norway,NOR,2022-10-28,71.31
66060,Norway,NOR,2022-10-29,66.29
66061,Norway,NOR,2022-10-30,81.57
66062,Norway,NOR,2022-10-31,96.97
66063,Norway,NOR,2022-11-01,52.39
66064,Norway,NOR,2022-11-02,55.4
66065,Norway,NOR,2022-11-03,61.21
66066,Norway,NOR,2022-11-04,52.84
66067,Norway,NOR,2022-11-05,36.7
66068,Norway,NOR,2022-11-06,31.32
66069,Norway,NOR,2022-11-07,38.83
66070,Norway,NOR,2022-11-08,44.19
66071,Norway,NOR,2022-11-09,34.84
66072,Norway,NOR,2022-11-10,24.17
66073,Norway,NOR,2022-11-11,1.89
66074,Norway,NOR,2022-11-12,2.93
66075,Norway,NOR,2022-11-13,25.38
66076,Norway,NOR,2022-11-14,44.43
66077,Norway,NOR,2022-11-15,38.62
66078,Norway,NOR,2022-11-16,25.57
66079,Norway,NOR,2022-11-17,41.01
66080,Norway,NOR,2022-11-18,81.87
66081,Norway,NOR,2022-11-19,120.31
66082,Norway,NOR,2022-11-20,111.42
66083,Norway,NOR,2022-11-21,187.28
66084,Norway,NOR,2022-11-22,125.61
66085,Norway,NOR,2022-11-23,108.55
66086,Norway,NOR,2022-11-24,126.1
66087,Norway,NOR,2022-11-25,145.62
66088,Norway,NOR,2022-11-26,142.21
66089,Norway,NOR,2022-11-27,105.64
66090,Norway,NOR,2022-11-28,146.14
66091,Norway,NOR,2022-11-29,307.22
66092,Norway,NOR,2022-11-30,342.42
66093,Norway,NOR,2022-12-01,313.33
66094,Norway,NOR,2022-12-02,271.76
66095,Norway,NOR,2022-12-03,232.83
66096,Norway,NOR,2022-12-04,232.79
66097,Norway,NOR,2022-12-05,234.78
66098,Norway,NOR,2022-12-06,267.92
66099,Norway,NOR,2022-12-07,265.38
66100,Norway,NOR,2022-12-08,315.65
66101,Norway,NOR,2022-12-09,333.69
66102,Norway,NOR,2022-12-10,295.74
66103,Norway,NOR,2022-12-11,277.88
66104,Norway,NOR,2022-12-12,369.65
66105,Norway,NOR,2022-12-13,405.37
66106,Norway,NOR,2022-12-14,393.99
66107,Norway,NOR,2022-12-15,317.43
66108,Norway,NOR,2022-12-16,303.99
66109,Norway,NOR,2022-12-17,193.91
66110,Norway,NOR,2022-12-18,150.49
66111,Norway,NOR,2022-12-19,163.23
66112,Norway,NOR,2022-12-20,162.74
66113,Norway,NOR,2022-12-21,182.75
66114,Norway,NOR,2022-12-22,171.7
66115,Norway,NOR,2022-12-23,148.38
66116,Norway,NOR,2022-12-24,112.46
66117,Norway,NOR,2022-12-25,102.44
66118,Norway,NOR,2022-12-26,83.19
66119,Norway,NOR,2022-12-27,105.88
66120,Norway,NOR,2022-12-28,98.78
66121,Norway,NOR,2022-12-29,71.4
66122,Norway,NOR,2022-12-30,71.83
66123,Norway,NOR,2022-12-31,81.93
66124,Norway,NOR,2023-01-01,85.61
66125,Norway,NOR,2023-01-02,129.75
66126,Norway,NOR,2023-01-03,127.81
66127,Norway,NOR,2023-01-04,93.51
66128,Norway,NOR,2023-01-05,109.36
66129,Norway,NOR,2023-01-06,99.32
66130,Norway,NOR,2023-01-07,78.97
66131,Norway,NOR,2023-01-08,60.44
66132,Norway,NOR,2023-01-09,103.95
66133,Norway,NOR,2023-01-10,102.4
66134,Norway,NOR,2023-01-11,76.43
66135,Norway,NOR,2023-01-12,71.86
66136,Norway,NOR,2023-01-13,77.0
66137,Norway,NOR,2023-01-14,77.33
66138,Norway,NOR,2023-01-15,61.14
66139,Norway,NOR,2023-01-16,110.79
66140,Norway,NOR,2023-01-17,101.26
66141,Norway,NOR,2023-01-18,105.44
66142,Norway,NOR,2023-01-19,124.8
66143,Norway,NOR,2023-01-20,123.39
66144,Norway,NOR,2023-01-21,113.93
66145,Norway,NOR,2023-01-22,112.84
66146,Norway,NOR,2023-01-23,140.9
66147,Norway,NOR,2023-01-24,125.34
66148,Norway,NOR,2023-01-25,92.14
66149,Norway,NOR,2023-01-26,94.45
66150,Norway,NOR,2023-01-27,108.24
66151,Norway,NOR,2023-01-28,81.91
66152,Norway,NOR,2023-01-29,71.03
66153,Norway,NOR,2023-01-30,64.12
66154,Norway,NOR,2023-01-31,84.35
66155,Norway,NOR,2023-02-01,87.25
66156,Norway,NOR,2023-02-02,114.01
66157,Norway,NOR,2023-02-03,91.06
66158,Norway,NOR,2023-02-04,98.0
66159,Norway,NOR,2023-02-05,84.34
66160,Norway,NOR,2023-02-06,107.71
66161,Norway,NOR,2023-02-07,89.81
66162,Norway,NOR,2023-02-08,78.73
66163,Norway,NOR,2023-02-09,64.88
66164,Norway,NOR,2023-02-10,66.34
66165,Norway,NOR,2023-02-11,66.13
66166,Norway,NOR,2023-02-12,73.18
66167,Norway,NOR,2023-02-13,76.91
66168,Norway,NOR,2023-02-14,95.61
66169,Norway,NOR,2023-02-15,87.03
66170,Norway,NOR,2023-02-16,81.05
66171,Norway,NOR,2023-02-17,64.91
66172,Norway,NOR,2023-02-18,67.45
66173,Norway,NOR,2023-02-19,74.55
66174,Norway,NOR,2023-02-20,57.2
66175,Norway,NOR,2023-02-21,90.06
66176,Norway,NOR,2023-02-22,79.89
66177,Norway,NOR,2023-02-23,78.99
66178,Norway,NOR,2023-02-24,74.56
66179,Norway,NOR,2023-02-25,67.7
66180,Norway,NOR,2023-02-26,77.68
66181,Norway,NOR,2023-02-27,83.28
66182,Norway,NOR,2023-02-28,84.16
66183,Norway,NOR,2023-03-01,86.14
66184,Norway,NOR,2023-03-02,77.89
66185,Norway,NOR,2023-03-03,74.88
66186,Norway,NOR,2023-03-04,74.16
66187,Norway,NOR,2023-03-05,89.11
66188,Norway,NOR,2023-03-06,130.17
66189,Norway,NOR,2023-03-07,99.16
66190,Norway,NOR,2023-03-08,112.63
66191,Norway,NOR,2023-03-09,102.88
66192,Norway,NOR,2023-03-10,95.52
66193,Norway,NOR,2023-03-11,89.07
66194,Norway,NOR,2023-03-12,79.88
66195,Norway,NOR,2023-03-13,74.04
66196,Norway,NOR,2023-03-14,81.26
66197,Norway,NOR,2023-03-15,87.84
66198,Norway,NOR,2023-03-16,82.72
66199,Norway,NOR,2023-03-17,68.85
66200,Norway,NOR,2023-03-18,71.58
66201,Norway,NOR,2023-03-19,73.83
66202,Norway,NOR,2023-03-20,79.79
66203,Norway,NOR,2023-03-21,77.24
66204,Norway,NOR,2023-03-22,65.54
66205,Norway,NOR,2023-03-23,61.03
66206,Norway,NOR,2023-03-24,62.12
66207,Norway,NOR,2023-03-25,56.87
66208,Norway,NOR,2023-03-26,67.79
66209,Norway,NOR,2023-03-27,80.99
66210,Norway,NOR,2023-03-28,92.35
66211,Norway,NOR,2023-03-29,100.01
66212,Norway,NOR,2023-03-30,78.55
66213,Norway,NOR,2023-03-31,81.98
66214,Norway,NOR,2023-04-01,71.88
66215,Norway,NOR,2023-04-02,76.1
66216,Norway,NOR,2023-04-03,92.05
66217,Norway,NOR,2023-04-04,103.18
66218,Norway,NOR,2023-04-05,100.81
66219,Norway,NOR,2023-04-06,87.5
66220,Norway,NOR,2023-04-07,82.48
66221,Norway,NOR,2023-04-08,85.2
66222,Norway,NOR,2023-04-09,76.78
66223,Norway,NOR,2023-04-10,41.96
66224,Norway,NOR,2023-04-11,62.99
66225,Norway,NOR,2023-04-12,73.74
66226,Norway,NOR,2023-04-13,67.55
66227,Norway,NOR,2023-04-14,77.46
66228,Norway,NOR,2023-04-15,77.06
66229,Norway,NOR,2023-04-16,84.15
66230,Norway,NOR,2023-04-17,93.73
66231,Norway,NOR,2023-04-18,87.44
66232,Norway,NOR,2023-04-19,77.35
66233,Norway,NOR,2023-04-20,76.79
66234,Norway,NOR,2023-04-21,75.43
66235,Norway,NOR,2023-04-22,65.41
66236,Norway,NOR,2023-04-23,65.38
66237,Norway,NOR,2023-04-24,84.63
66238,Norway,NOR,2023-04-25,75.26
66239,Norway,NOR,2023-04-26,87.19
66240,Norway,NOR,2023-04-27,95.08
66241,Norway,NOR,2023-04-28,94.26
66242,Norway,NOR,2023-04-29,80.34
66243,Norway,NOR,2023-04-30,64.9
66244,Norway,NOR,2023-05-01,77.35
66245,Norway,NOR,2023-05-02,89.31
66246,Norway,NOR,2023-05-03,86.2
66247,Norway,NOR,2023-05-04,85.27
66248,Norway,NOR,2023-05-05,76.48
66249,Norway,NOR,2023-05-06,75.49
66250,Norway,NOR,2023-05-07,67.69
66251,Norway,NOR,2023-05-08,75.84
66252,Norway,NOR,2023-05-09,64.46
66253,Norway,NOR,2023-05-10,63.27
66254,Norway,NOR,2023-05-11,66.93
66255,Norway,NOR,2023-05-12,63.85
66256,Norway,NOR,2023-05-13,46.84
66257,Norway,NOR,2023-05-14,40.74
66258,Norway,NOR,2023-05-15,56.21
66259,Norway,NOR,2023-05-16,37.74
66260,Norway,NOR,2023-05-17,30.64
66261,Norway,NOR,2023-05-18,49.22
66262,Norway,NOR,2023-05-19,52.56
66263,Norway,NOR,2023-05-20,27.86
66264,Norway,NOR,2023-05-21,20.13
66265,Norway,NOR,2023-05-22,49.12
66266,Norway,NOR,2023-05-23,37.35
66267,Norway,NOR,2023-05-24,43.68
66268,Norway,NOR,2023-05-25,29.99
66269,Norway,NOR,2023-05-26,31.42
66270,Norway,NOR,2023-05-27,28.99
66271,Norway,NOR,2023-05-28,20.4
66272,Norway,NOR,2023-05-29,23.79
66273,Norway,NOR,2023-05-30,44.5
66274,Norway,NOR,2023-05-31,29.72
66275,Norway,NOR,2023-06-01,34.95
66276,Norway,NOR,2023-06-02,42.61
66277,Norway,NOR,2023-06-03,32.58
66278,Norway,NOR,2023-06-04,32.11
66279,Norway,NOR,2023-06-05,40.93
66280,Norway,NOR,2023-06-06,46.17
66281,Norway,NOR,2023-06-07,52.34
66282,Norway,NOR,2023-06-08,49.77
66283,Norway,NOR,2023-06-09,49.44
66284,Norway,NOR,2023-06-10,37.72
66285,Norway,NOR,2023-06-11,28.45
66286,Norway,NOR,2023-06-12,51.09
66287,Norway,NOR,2023-06-13,55.31
66288,Norway,NOR,2023-06-14,60.45
66289,Norway,NOR,2023-06-15,66.0
66290,Norway,NOR,2023-06-16,67.1
66291,Norway,NOR,2023-06-17,60.94
66292,Norway,NOR,2023-06-18,58.26
66293,Norway,NOR,2023-06-19,66.72
66294,Norway,NOR,2023-06-20,67.95
66295,Norway,NOR,2023-06-21,67.69
66296,Norway,NOR,2023-06-22,63.09
66297,Norway,NOR,2023-06-23,53.87
66298,Norway,NOR,2023-06-24,42.3
66299,Norway,NOR,2023-06-25,38.2
66300,Norway,NOR,2023-06-26,54.09
66301,Norway,NOR,2023-06-27,55.85
66302,Norway,NOR,2023-06-28,60.74
66303,Norway,NOR,2023-06-29,60.99
66304,Norway,NOR,2023-06-30,55.79
66305,Norway,NOR,2023-07-01,34.68
66306,Norway,NOR,2023-07-02,6.48
66307,Norway,NOR,2023-07-03,33.04
66308,Norway,NOR,2023-07-04,47.56
66309,Norway,NOR,2023-07-05,49.04
66310,Norway,NOR,2023-07-06,54.98
66311,Norway,NOR,2023-07-07,57.83
66312,Norway,NOR,2023-07-08,50.52
66313,Norway,NOR,2023-07-09,53.7
66314,Norway,NOR,2023-07-10,56.33
66315,Norway,NOR,2023-07-11,51.0
66316,Norway,NOR,2023-07-12,42.07
66317,Norway,NOR,2023-07-13,45.48
66318,Norway,NOR,2023-07-14,44.75
66319,Norway,NOR,2023-07-15,18.94
66320,Norway,NOR,2023-07-16,0.15
66321,Norway,NOR,2023-07-17,15.51
66322,Norway,NOR,2023-07-18,29.41
66323,Norway,NOR,2023-07-19,32.8
66324,Norway,NOR,2023-07-20,28.39
66325,Norway,NOR,2023-07-21,32.01
66326,Norway,NOR,2023-07-22,30.9
66327,Norway,NOR,2023-07-23,17.28
66328,Norway,NOR,2023-07-24,34.42
66329,Norway,NOR,2023-07-25,32.5
66330,Norway,NOR,2023-07-26,36.67
66331,Norway,NOR,2023-07-27,41.37
66332,Norway,NOR,2023-07-28,40.09
66333,Norway,NOR,2023-07-29,32.81
66334,Norway,NOR,2023-07-30,22.98
66335,Norway,NOR,2023-07-31,38.22
66336,Norway,NOR,2023-08-01,37.73
66337,Norway,NOR,2023-08-02,32.83
66338,Norway,NOR,2023-08-03,26.52
66339,Norway,NOR,2023-08-04,29.63
66340,Norway,NOR,2023-08-05,30.16
66341,Norway,NOR,2023-08-06,23.8
66342,Norway,NOR,2023-08-07,5.46
66343,Norway,NOR,2023-08-08,-3.26
66344,Norway,NOR,2023-08-09,7.02
66345,Norway,NOR,2023-08-10,23.49
66346,Norway,NOR,2023-08-11,29.44
66347,Norway,NOR,2023-08-12,24.78
66348,Norway,NOR,2023-08-13,24.15
66349,Norway,NOR,2023-08-14,34.48
66350,Norway,NOR,2023-08-15,33.88
66351,Norway,NOR,2023-08-16,31.97
66352,Norway,NOR,2023-08-17,32.73
66353,Norway,NOR,2023-08-18,33.0
66354,Norway,NOR,2023-08-19,22.6
66355,Norway,NOR,2023-08-20,29.11
66356,Norway,NOR,2023-08-21,33.65
66357,Norway,NOR,2023-08-22,34.62
66358,Norway,NOR,2023-08-23,36.26
66359,Norway,NOR,2023-08-24,37.44
66360,Norway,NOR,2023-08-25,33.76
66361,Norway,NOR,2023-08-26,30.21
66362,Norway,NOR,2023-08-27,29.82
66363,Norway,NOR,2023-08-28,34.17
66364,Norway,NOR,2023-08-29,36.01
66365,Norway,NOR,2023-08-30,40.76
66366,Norway,NOR,2023-08-31,38.77
66367,Norway,NOR,2023-09-01,32.05
66368,Norway,NOR,2023-09-02,26.75
66369,Norway,NOR,2023-09-03,21.83
66370,Norway,NOR,2023-09-04,21.64
66371,Norway,NOR,2023-09-05,23.16
66372,Norway,NOR,2023-09-06,25.83
66373,Norway,NOR,2023-09-07,25.7
66374,Norway,NOR,2023-09-08,24.88
66375,Norway,NOR,2023-09-09,21.1
66376,Norway,NOR,2023-09-10,20.18
66377,Norway,NOR,2023-09-11,22.74
66378,Norway,NOR,2023-09-12,23.59
66379,Norway,NOR,2023-09-13,23.48
66380,Norway,NOR,2023-09-14,23.93
66381,Norway,NOR,2023-09-15,22.11
66382,Norway,NOR,2023-09-16,18.94
66383,Norway,NOR,2023-09-17,16.15
66384,Norway,NOR,2023-09-18,8.76
66385,Norway,NOR,2023-09-19,-1.44
66386,Norway,NOR,2023-09-20,-1.07
66387,Norway,NOR,2023-09-21,3.68
66388,Norway,NOR,2023-09-22,5.38
66389,Norway,NOR,2023-09-23,8.99
66390,Norway,NOR,2023-09-24,7.05
66391,Norway,NOR,2023-09-25,1.88
66392,Norway,NOR,2023-09-26,8.2
66393,Norway,NOR,2023-09-27,12.86
66394,Norway,NOR,2023-09-28,9.92
66395,Norway,NOR,2023-09-29,11.15
66396,Norway,NOR,2023-09-30,4.58
66397,Norway,NOR,2023-10-01,10.42
66398,Norway,NOR,2023-10-02,15.53
66399,Norway,NOR,2023-10-03,4.5
66400,Norway,NOR,2023-10-04,1.55
66401,Norway,NOR,2023-10-05,8.94
66402,Norway,NOR,2023-10-06,3.36
66403,Norway,NOR,2023-10-07,3.85
66404,Norway,NOR,2023-10-08,14.02
66405,Norway,NOR,2023-10-09,37.46
66406,Norway,NOR,2023-10-10,26.11
66407,Norway,NOR,2023-10-11,3.88
66408,Norway,NOR,2023-10-12,19.38
66409,Norway,NOR,2023-10-13,16.75
66410,Norway,NOR,2023-10-14,2.24
66411,Norway,NOR,2023-10-15,11.22
66412,Norway,NOR,2023-10-16,34.87
66413,Norway,NOR,2023-10-17,37.26
66414,Norway,NOR,2023-10-18,35.83
66415,Norway,NOR,2023-10-19,20.57
66416,Norway,NOR,2023-10-20,25.2
66417,Norway,NOR,2023-10-21,30.84
66418,Norway,NOR,2023-10-22,35.03
66419,Norway,NOR,2023-10-23,67.18
66420,Norway,NOR,2023-10-24,49.41
66421,Norway,NOR,2023-10-25,47.07
66422,Norway,NOR,2023-10-26,58.12
66423,Norway,NOR,2023-10-27,76.27
66424,Norway,NOR,2023-10-28,61.64
66425,Norway,NOR,2023-10-29,37.58
66426,Norway,NOR,2023-10-30,65.23
66427,Norway,NOR,2023-10-31,72.23
66428,Norway,NOR,2023-11-01,48.45
66429,Norway,NOR,2023-11-02,46.37
66430,Norway,NOR,2023-11-03,36.57
66431,Norway,NOR,2023-11-04,27.83
66432,Norway,NOR,2023-11-05,40.32
66433,Norway,NOR,2023-11-06,71.25
66434,Norway,NOR,2023-11-07,89.39
66435,Norway,NOR,2023-11-08,71.52
66436,Norway,NOR,2023-11-09,68.14
66437,Norway,NOR,2023-11-10,59.31
66438,Norway,NOR,2023-11-11,67.02
66439,Norway,NOR,2023-11-12,68.83
66440,Norway,NOR,2023-11-13,71.12
66441,Norway,NOR,2023-11-14,72.51
66442,Norway,NOR,2023-11-15,100.93
66443,Norway,NOR,2023-11-16,116.45
66444,Norway,NOR,2023-11-17,115.92
66445,Norway,NOR,2023-11-18,86.72
66446,Norway,NOR,2023-11-19,65.17
66447,Norway,NOR,2023-11-20,105.63
66448,Norway,NOR,2023-11-21,116.29
66449,Norway,NOR,2023-11-22,59.82
66450,Norway,NOR,2023-11-23,49.67
66451,Norway,NOR,2023-11-24,56.0
66452,Norway,NOR,2023-11-25,75.41
66453,Norway,NOR,2023-11-26,94.35
66454,Norway,NOR,2023-11-27,86.33
66455,Norway,NOR,2023-11-28,92.74
66456,Norway,NOR,2023-11-29,106.9
66457,Norway,NOR,2023-11-30,134.59
